!Correction: S11(Full 2 Port(1,2)) ,,
!S21(Full 2 Port(1,2)) ,,
!S12(Full 2 Port(1,2)) ,,
!S22(Full 2 Port(1,2)) ,,
!S2P File: Measurements: S11, S21, S12, S22:
# Hz S  dB   R 50,,,
10000000 -3.445163e+001 2.032166e+001 -1.391009e-002 -4.986995e-001 -7.470046e-002 5.441433e-001 -3.521800e+001 -1.024568e+002,,,
114975000 -5.381059e+001 2.443503e+001 -2.690930e-002 -2.782136e+000 -1.614525e-002 -2.757951e+000 -5.651055e+001 3.450773e+001,,,
219950000 -4.926814e+001 4.360704e+001 -1.780993e-003 -5.338149e+000 -4.286389e-002 -5.281081e+000 -5.117810e+001 3.720085e+001,,,
324925000 -4.727723e+001 5.502089e+001 -8.931468e-003 -7.813877e+000 -2.850843e-002 -7.747717e+000 -4.679561e+001 4.253836e+001,,,
429900000 -4.556593e+001 4.213701e+001 -2.072179e-002 -1.032625e+001 -3.317719e-002 -1.034056e+001 -4.515297e+001 4.106202e+001,,,
534875000 -4.378984e+001 4.657622e+001 -2.187612e-002 -1.285648e+001 -1.722219e-002 -1.279884e+001 -4.466630e+001 2.676298e+001,,,
639850000 -4.464576e+001 4.568853e+001 -2.363869e-002 -1.533301e+001 -3.567390e-002 -1.526053e+001 -4.400955e+001 3.376998e+001,,,
744825000 -4.351354e+001 4.855602e+001 -3.193141e-002 -1.777670e+001 -3.797400e-002 -1.774643e+001 -4.296976e+001 3.888948e+001,,,
849800000 -4.242416e+001 4.743232e+001 -2.998267e-002 -2.027057e+001 -5.705665e-002 -2.026762e+001 -4.368911e+001 5.379483e+001,,,
954775000 -4.155319e+001 4.695274e+001 -4.363412e-002 -2.278266e+001 -4.058351e-002 -2.274091e+001 -4.281177e+001 4.654611e+001,,,
1059750000 -4.055346e+001 4.028405e+001 -2.673086e-002 -2.527600e+001 -1.490319e-002 -2.525500e+001 -4.101618e+001 3.927385e+001,,,
1164725000 -3.984372e+001 3.920676e+001 -3.089006e-002 -2.780759e+001 -1.621403e-002 -2.768801e+001 -4.090384e+001 4.534156e+001,,,
1269700000 -3.924308e+001 4.488349e+001 -3.878967e-002 -3.020563e+001 -3.946332e-002 -3.029470e+001 -3.962233e+001 5.246245e+001,,,
1374675000 -3.894634e+001 4.397681e+001 -5.226556e-002 -3.271664e+001 -4.049613e-002 -3.279432e+001 -3.862268e+001 4.857987e+001,,,
1479650000 -3.779129e+001 4.497516e+001 -3.996852e-002 -3.517434e+001 -4.535126e-002 -3.524097e+001 -3.819032e+001 4.486054e+001,,,
1584625000 -3.715836e+001 4.455421e+001 -4.646508e-002 -3.766798e+001 -5.218583e-002 -3.778945e+001 -3.729970e+001 4.018889e+001,,,
1689600000 -3.640325e+001 4.463558e+001 -4.829450e-002 -4.021264e+001 -5.227354e-002 -4.029247e+001 -3.659523e+001 4.192760e+001,,,
1794575000 -3.552767e+001 4.260146e+001 -3.855865e-002 -4.264478e+001 -5.600052e-002 -4.283883e+001 -3.586388e+001 4.824899e+001,,,
1899550000 -3.476481e+001 4.376280e+001 -3.151167e-002 -4.513883e+001 -6.173902e-002 -4.532099e+001 -3.481417e+001 4.654858e+001,,,
2004525000 -3.409083e+001 3.993790e+001 -3.957607e-002 -4.761794e+001 -6.182616e-002 -4.781163e+001 -3.333909e+001 4.302978e+001,,,
2109500000 -3.334568e+001 3.749995e+001 -2.638068e-002 -5.017446e+001 -7.297469e-002 -5.025615e+001 -3.214411e+001 3.773030e+001,,,
2214475000 -3.278705e+001 3.705576e+001 -1.748787e-002 -5.279845e+001 -6.435663e-002 -5.278354e+001 -3.182627e+001 3.385052e+001,,,
2319450000 -3.202559e+001 3.286191e+001 -4.867223e-002 -5.527919e+001 -8.416524e-002 -5.526040e+001 -3.182283e+001 2.462632e+001,,,
2424425000 -3.159282e+001 3.261233e+001 -4.861486e-002 -5.784475e+001 -7.748472e-002 -5.775860e+001 -3.101468e+001 2.023893e+001,,,
2529400000 -3.078462e+001 3.092580e+001 -5.706709e-002 -6.030900e+001 -8.357031e-002 -6.026488e+001 -3.097539e+001 1.796530e+001,,,
2634375000 -3.014017e+001 2.709490e+001 -6.014679e-002 -6.277901e+001 -8.992952e-002 -6.276772e+001 -3.052299e+001 1.307423e+001,,,
2739350000 -2.938762e+001 2.162175e+001 -5.930664e-002 -6.536443e+001 -9.060377e-002 -6.524630e+001 -2.994931e+001 8.886278e+000,,,
2844325000 -2.940340e+001 1.695567e+001 -6.716387e-002 -6.780527e+001 -8.173476e-002 -6.778007e+001 -2.915532e+001 6.195578e+000,,,
2949300000 -2.940094e+001 1.300943e+001 -7.576098e-002 -7.025949e+001 -1.146414e-001 -7.026922e+001 -2.924709e+001 3.721641e+000,,,
3054275000 -2.934919e+001 8.765360e+000 -7.977095e-002 -7.282001e+001 -1.114786e-001 -7.279292e+001 -2.911302e+001 -4.860954e-002,,,
3159250000 -2.907514e+001 4.990460e+000 -8.056356e-002 -7.536771e+001 -1.106291e-001 -7.526258e+001 -2.834661e+001 -3.744588e+000,,,
3264225000 -2.890286e+001 3.942882e-001 -9.053243e-002 -7.786499e+001 -1.042298e-001 -7.788725e+001 -2.822852e+001 -1.007896e+001,,,
3369200000 -2.876620e+001 -3.009077e+000 -8.691008e-002 -8.037808e+001 -1.059892e-001 -8.032595e+001 -2.804589e+001 -1.342115e+001,,,
3474175000 -2.868480e+001 -7.342815e+000 -1.001710e-001 -8.283183e+001 -1.290920e-001 -8.289483e+001 -2.792345e+001 -1.700391e+001,,,
3579150000 -2.850336e+001 -1.267319e+001 -1.117817e-001 -8.541430e+001 -1.200854e-001 -8.545015e+001 -2.754340e+001 -2.036018e+001,,,
3684125000 -2.842780e+001 -1.782520e+001 -1.258494e-001 -8.799721e+001 -1.458462e-001 -8.791180e+001 -2.723105e+001 -2.467190e+001,,,
3789100000 -2.837206e+001 -2.248881e+001 -1.248724e-001 -9.041335e+001 -1.550437e-001 -9.038528e+001 -2.699881e+001 -2.849236e+001,,,
3894075000 -2.806260e+001 -2.770055e+001 -1.460901e-001 -9.299998e+001 -1.695467e-001 -9.284332e+001 -2.688589e+001 -3.345207e+001,,,
3999050000 -2.778531e+001 -3.373446e+001 -1.437010e-001 -9.546246e+001 -1.886101e-001 -9.529347e+001 -2.666579e+001 -3.741602e+001,,,
4104025000 -2.747312e+001 -3.722462e+001 -1.631577e-001 -9.800040e+001 -1.962006e-001 -9.776373e+001 -2.617879e+001 -4.254469e+001,,,
4209000000 -2.723480e+001 -4.358511e+001 -1.757211e-001 -1.005478e+002 -2.113775e-001 -1.002426e+002 -2.632737e+001 -4.598919e+001,,,
4313975000 -2.693763e+001 -4.856113e+001 -1.930885e-001 -1.029900e+002 -2.208582e-001 -1.027117e+002 -2.607185e+001 -5.231807e+001,,,
4418950000 -2.650760e+001 -5.427071e+001 -2.310595e-001 -1.054454e+002 -2.143111e-001 -1.051175e+002 -2.605996e+001 -5.721290e+001,,,
4523925000 -2.622806e+001 -6.039737e+001 -2.470460e-001 -1.079040e+002 -2.207527e-001 -1.074540e+002 -2.582408e+001 -6.357772e+001,,,
4628900000 -2.593950e+001 -6.342871e+001 -2.652501e-001 -1.104533e+002 -2.526408e-001 -1.099804e+002 -2.593021e+001 -6.688870e+001,,,
4733875000 -2.573951e+001 -6.901633e+001 -2.599287e-001 -1.126986e+002 -2.468051e-001 -1.124305e+002 -2.586499e+001 -7.134121e+001,,,
4838850000 -2.571293e+001 -7.279070e+001 -2.878864e-001 -1.150977e+002 -2.526250e-001 -1.149954e+002 -2.593179e+001 -7.632182e+001,,,
4943825000 -2.554597e+001 -7.831874e+001 -3.134154e-001 -1.173998e+002 -2.413299e-001 -1.174283e+002 -2.600354e+001 -8.162325e+001,,,
5048800000 -2.550037e+001 -8.070853e+001 -3.165791e-001 -1.198590e+002 -2.579578e-001 -1.199338e+002 -2.605313e+001 -8.559032e+001,,,
5153775000 -2.541245e+001 -8.516365e+001 -3.305222e-001 -1.224044e+002 -2.663216e-001 -1.222756e+002 -2.586662e+001 -9.106991e+001,,,
5258750000 -2.530373e+001 -8.907854e+001 -3.164475e-001 -1.244230e+002 -3.186984e-001 -1.248180e+002 -2.612592e+001 -9.442979e+001,,,
5363725000 -2.540323e+001 -9.185908e+001 -3.189248e-001 -1.269989e+002 -3.162278e-001 -1.271685e+002 -2.636627e+001 -9.966598e+001,,,
5468700000 -2.535041e+001 -9.597855e+001 -3.094691e-001 -1.293406e+002 -3.331979e-001 -1.297180e+002 -2.638158e+001 -1.042474e+002,,,
5573675000 -2.553321e+001 -9.930886e+001 -3.297216e-001 -1.317210e+002 -3.243354e-001 -1.320724e+002 -2.647767e+001 -1.093520e+002,,,
5678650000 -2.568104e+001 -1.042583e+002 -3.068565e-001 -1.340444e+002 -3.525350e-001 -1.343505e+002 -2.663988e+001 -1.127568e+002,,,
5783625000 -2.585101e+001 -1.073536e+002 -3.239328e-001 -1.364339e+002 -3.492536e-001 -1.367544e+002 -2.692841e+001 -1.162742e+002,,,
5888600000 -2.611562e+001 -1.119311e+002 -2.925876e-001 -1.390066e+002 -3.585316e-001 -1.391603e+002 -2.712925e+001 -1.222702e+002,,,
5993575000 -2.641392e+001 -1.157898e+002 -3.083959e-001 -1.412111e+002 -3.786072e-001 -1.415076e+002 -2.745502e+001 -1.246301e+002,,,
6098550000 -2.665520e+001 -1.193202e+002 -2.907729e-001 -1.437892e+002 -3.903076e-001 -1.438020e+002 -2.773961e+001 -1.291691e+002,,,
6203525000 -2.689264e+001 -1.235746e+002 -2.975134e-001 -1.461848e+002 -3.736613e-001 -1.463165e+002 -2.839145e+001 -1.323863e+002,,,
6308500000 -2.714165e+001 -1.268791e+002 -3.016612e-001 -1.486406e+002 -3.612294e-001 -1.486004e+002 -2.869109e+001 -1.349395e+002,,,
6413475000 -2.742374e+001 -1.312490e+002 -2.983039e-001 -1.510213e+002 -3.715126e-001 -1.510400e+002 -2.916773e+001 -1.379708e+002,,,
6518450000 -2.759258e+001 -1.343150e+002 -3.148254e-001 -1.535358e+002 -3.534034e-001 -1.533732e+002 -2.956505e+001 -1.393676e+002,,,
6623425000 -2.773881e+001 -1.380544e+002 -3.037930e-001 -1.560190e+002 -3.499477e-001 -1.557050e+002 -3.034899e+001 -1.417605e+002,,,
6728400000 -2.786745e+001 -1.410069e+002 -3.148855e-001 -1.585025e+002 -3.407105e-001 -1.581763e+002 -3.043542e+001 -1.418388e+002,,,
6833375000 -2.795727e+001 -1.436780e+002 -3.119699e-001 -1.608887e+002 -3.221124e-001 -1.606340e+002 -3.083386e+001 -1.430763e+002,,,
6938350000 -2.799664e+001 -1.466413e+002 -3.144627e-001 -1.632829e+002 -3.227594e-001 -1.630826e+002 -3.107685e+001 -1.439429e+002,,,
7043325000 -2.795931e+001 -1.496573e+002 -3.117104e-001 -1.656418e+002 -3.091868e-001 -1.654808e+002 -3.166340e+001 -1.436537e+002,,,
7148300000 -2.787541e+001 -1.519684e+002 -3.190405e-001 -1.681386e+002 -2.953117e-001 -1.679604e+002 -3.190460e+001 -1.444166e+002,,,
7253275000 -2.781534e+001 -1.541649e+002 -2.946764e-001 -1.705761e+002 -3.074179e-001 -1.704156e+002 -3.224302e+001 -1.436108e+002,,,
7358250000 -2.770166e+001 -1.561790e+002 -2.936059e-001 -1.729563e+002 -3.131483e-001 -1.728242e+002 -3.249756e+001 -1.440723e+002,,,
7463225000 -2.761860e+001 -1.578674e+002 -3.135152e-001 -1.753260e+002 -3.251289e-001 -1.753118e+002 -3.264896e+001 -1.451627e+002,,,
7568200000 -2.744695e+001 -1.603253e+002 -2.796731e-001 -1.778270e+002 -3.201278e-001 -1.778563e+002 -3.279841e+001 -1.428879e+002,,,
7673175000 -2.728940e+001 -1.627680e+002 -2.724959e-001 1.797635e+002 -3.045952e-001 1.797723e+002 -3.283717e+001 -1.434044e+002,,,
7778150000 -2.702623e+001 -1.643733e+002 -2.775392e-001 1.774098e+002 -3.038993e-001 1.772849e+002 -3.282709e+001 -1.430567e+002,,,
7883125000 -2.685494e+001 -1.669615e+002 -2.756522e-001 1.747022e+002 -2.905279e-001 1.748585e+002 -3.296097e+001 -1.441412e+002,,,
7988100000 -2.653808e+001 -1.698566e+002 -2.459061e-001 1.723130e+002 -2.997265e-001 1.724434e+002 -3.283124e+001 -1.460025e+002,,,
8093075000 -2.627965e+001 -1.715426e+002 -2.773834e-001 1.697203e+002 -2.892027e-001 1.699656e+002 -3.269795e+001 -1.472172e+002,,,
8198050000 -2.595874e+001 -1.746529e+002 -2.653637e-001 1.673052e+002 -2.811292e-001 1.675862e+002 -3.291892e+001 -1.484467e+002,,,
8303025000 -2.572280e+001 -1.775224e+002 -2.798441e-001 1.647491e+002 -2.980381e-001 1.650788e+002 -3.276366e+001 -1.522160e+002,,,
8408000000 -2.550819e+001 1.786904e+002 -2.850291e-001 1.623295e+002 -2.804501e-001 1.626002e+002 -3.277788e+001 -1.546632e+002,,,
8512975000 -2.523942e+001 1.763483e+002 -2.653528e-001 1.599393e+002 -2.904776e-001 1.601167e+002 -3.278251e+001 -1.589298e+002,,,
8617950000 -2.489694e+001 1.732555e+002 -2.940176e-001 1.573253e+002 -2.665805e-001 1.576205e+002 -3.291214e+001 -1.636027e+002,,,
8722925000 -2.466902e+001 1.686843e+002 -2.736276e-001 1.551225e+002 -2.747924e-001 1.553494e+002 -3.299326e+001 -1.682679e+002,,,
8827900000 -2.429006e+001 1.648951e+002 -3.009709e-001 1.525500e+002 -2.549564e-001 1.527576e+002 -3.326246e+001 -1.738447e+002,,,
8932875000 -2.425002e+001 1.618494e+002 -2.898313e-001 1.503246e+002 -2.796238e-001 1.505361e+002 -3.350103e+001 1.787833e+002,,,
9037850000 -2.385786e+001 1.581508e+002 -2.944859e-001 1.478141e+002 -2.668708e-001 1.479136e+002 -3.342069e+001 1.709370e+002,,,
9142825000 -2.371140e+001 1.550247e+002 -2.990274e-001 1.453678e+002 -2.394282e-001 1.456343e+002 -3.391304e+001 1.638506e+002,,,
9247800000 -2.333778e+001 1.504487e+002 -3.035589e-001 1.430662e+002 -2.586258e-001 1.428466e+002 -3.379609e+001 1.535581e+002,,,
9352775000 -2.303752e+001 1.470007e+002 -2.468463e-001 1.405417e+002 -2.017840e-001 1.405683e+002 -3.304201e+001 1.437766e+002,,,
9457750000 -2.300383e+001 1.436822e+002 -2.628586e-001 1.382633e+002 -2.468283e-001 1.383072e+002 -3.366838e+001 1.346202e+002,,,
9562725000 -2.262264e+001 1.395151e+002 -2.653543e-001 1.355658e+002 -1.902467e-001 1.354965e+002 -3.327749e+001 1.227335e+002,,,
9667700000 -2.237005e+001 1.360171e+002 -2.036188e-001 1.331594e+002 -2.167960e-001 1.330469e+002 -3.262694e+001 1.117563e+002,,,
9772675000 -2.210770e+001 1.317312e+002 -2.001126e-001 1.306640e+002 -1.694796e-001 1.302743e+002 -3.191891e+001 1.015074e+002,,,
9877650000 -2.202368e+001 1.276856e+002 -1.873712e-001 1.281733e+002 -2.114671e-001 1.279629e+002 -3.166359e+001 9.010646e+001,,,
9982625000 -2.191421e+001 1.235072e+002 -2.042371e-001 1.256727e+002 -1.954679e-001 1.252015e+002 -3.103475e+001 8.094624e+001,,,
10087600000 -2.182171e+001 1.193884e+002 -1.826364e-001 1.230062e+002 -1.852603e-001 1.229710e+002 -3.018316e+001 7.048449e+001,,,
10192575000 -2.181002e+001 1.146509e+002 -1.992022e-001 1.204668e+002 -2.270480e-001 1.201465e+002 -2.966298e+001 6.159835e+001,,,
10297550000 -2.179107e+001 1.109376e+002 -1.940022e-001 1.179715e+002 -2.136117e-001 1.177526e+002 -2.900823e+001 5.344550e+001,,,
10402525000 -2.190527e+001 1.061275e+002 -2.172511e-001 1.153179e+002 -2.311428e-001 1.148943e+002 -2.846103e+001 4.502592e+001,,,
10507500000 -2.196421e+001 1.020765e+002 -2.326791e-001 1.127360e+002 -2.346536e-001 1.126135e+002 -2.806029e+001 3.776288e+001,,,
10612475000 -2.201377e+001 9.849546e+001 -2.258061e-001 1.105731e+002 -2.906817e-001 1.102597e+002 -2.747316e+001 3.235843e+001,,,
10717450000 -2.206513e+001 9.439580e+001 -2.504685e-001 1.079290e+002 -3.001209e-001 1.078570e+002 -2.690478e+001 2.527776e+001,,,
10822425000 -2.214920e+001 9.004332e+001 -2.637240e-001 1.055090e+002 -3.087631e-001 1.055841e+002 -2.654915e+001 1.967763e+001,,,
10927400000 -2.235346e+001 8.512231e+001 -2.721150e-001 1.029348e+002 -2.754186e-001 1.029742e+002 -2.616413e+001 1.362663e+001,,,
11032375000 -2.224929e+001 8.129619e+001 -2.721993e-001 1.005820e+002 -3.060208e-001 1.007400e+002 -2.585546e+001 8.716194e+000,,,
11137350000 -2.223005e+001 7.729719e+001 -2.786882e-001 9.821024e+001 -3.095839e-001 9.842521e+001 -2.551136e+001 3.328681e+000,,,
11242325000 -2.236051e+001 7.206301e+001 -2.846542e-001 9.585727e+001 -2.797174e-001 9.611217e+001 -2.524613e+001 -2.132098e+000,,,
11347300000 -2.241167e+001 6.770882e+001 -2.816638e-001 9.340623e+001 -2.548868e-001 9.354024e+001 -2.497650e+001 -6.942296e+000,,,
11452275000 -2.243124e+001 6.316650e+001 -2.709100e-001 9.098469e+001 -2.676179e-001 9.108450e+001 -2.482546e+001 -1.173181e+001,,,
11557250000 -2.255906e+001 5.884383e+001 -2.547725e-001 8.854533e+001 -2.394914e-001 8.854021e+001 -2.482107e+001 -1.614686e+001,,,
11662225000 -2.265206e+001 5.500840e+001 -2.573282e-001 8.616418e+001 -2.227536e-001 8.619621e+001 -2.474506e+001 -2.155927e+001,,,
11767200000 -2.261093e+001 5.178495e+001 -2.425317e-001 8.357973e+001 -2.278367e-001 8.353195e+001 -2.471258e+001 -2.597338e+001,,,
11872175000 -2.257492e+001 4.819565e+001 -2.357182e-001 8.110031e+001 -2.363205e-001 8.098158e+001 -2.456343e+001 -3.004834e+001,,,
11977150000 -2.247792e+001 4.530270e+001 -2.513018e-001 7.871345e+001 -2.255763e-001 7.829485e+001 -2.461880e+001 -3.371024e+001,,,
12082125000 -2.266261e+001 4.322615e+001 -2.333514e-001 7.624493e+001 -2.236584e-001 7.598217e+001 -2.471002e+001 -3.782271e+001,,,
12187100000 -2.268508e+001 3.959401e+001 -2.568794e-001 7.377773e+001 -2.554304e-001 7.348231e+001 -2.485308e+001 -4.148993e+001,,,
12292075000 -2.264394e+001 3.756856e+001 -2.458915e-001 7.120369e+001 -2.538309e-001 7.100735e+001 -2.487255e+001 -4.546302e+001,,,
12397050000 -2.271200e+001 3.479523e+001 -2.437893e-001 6.874969e+001 -2.759017e-001 6.843247e+001 -2.502065e+001 -4.886584e+001,,,
12502025000 -2.272290e+001 3.300323e+001 -2.349758e-001 6.625868e+001 -2.717585e-001 6.602687e+001 -2.513143e+001 -5.249239e+001,,,
12607000000 -2.283003e+001 3.152009e+001 -2.511238e-001 6.371281e+001 -3.075108e-001 6.352644e+001 -2.541801e+001 -5.725332e+001,,,
12711975000 -2.286432e+001 2.935356e+001 -2.486874e-001 6.126852e+001 -2.930704e-001 6.100165e+001 -2.549567e+001 -6.081298e+001,,,
12816950000 -2.301433e+001 2.834543e+001 -2.655562e-001 5.868975e+001 -3.347124e-001 5.872360e+001 -2.597304e+001 -6.543365e+001,,,
12921925000 -2.308553e+001 2.689266e+001 -2.527269e-001 5.624863e+001 -3.354480e-001 5.611909e+001 -2.623183e+001 -6.618470e+001,,,
13026900000 -2.328741e+001 2.719486e+001 -2.650799e-001 5.387254e+001 -3.339620e-001 5.393726e+001 -2.603192e+001 -7.170647e+001,,,
13131875000 -2.333932e+001 2.562819e+001 -2.730584e-001 5.146570e+001 -3.161296e-001 5.140953e+001 -2.642781e+001 -7.386416e+001,,,
13236850000 -2.336818e+001 2.531725e+001 -2.770337e-001 4.902369e+001 -3.201749e-001 4.917945e+001 -2.670095e+001 -7.717207e+001,,,
13341825000 -2.346956e+001 2.496188e+001 -2.760463e-001 4.654814e+001 -3.246490e-001 4.668998e+001 -2.706856e+001 -7.956137e+001,,,
13446800000 -2.349590e+001 2.298129e+001 -2.753805e-001 4.400679e+001 -2.887446e-001 4.429747e+001 -2.737457e+001 -8.119555e+001,,,
13551775000 -2.343735e+001 2.195002e+001 -2.580579e-001 4.169136e+001 -2.936119e-001 4.188469e+001 -2.756514e+001 -8.611662e+001,,,
13656750000 -2.359190e+001 2.031572e+001 -2.607239e-001 3.917943e+001 -2.973508e-001 3.950409e+001 -2.797512e+001 -8.976022e+001,,,
13761725000 -2.351122e+001 1.757104e+001 -2.614609e-001 3.678820e+001 -2.489709e-001 3.692553e+001 -2.842096e+001 -9.149313e+001,,,
13866700000 -2.364248e+001 1.492820e+001 -2.619470e-001 3.422094e+001 -2.567870e-001 3.444921e+001 -2.874490e+001 -9.300264e+001,,,
13971675000 -2.370789e+001 1.300581e+001 -2.555196e-001 3.182749e+001 -2.532456e-001 3.198526e+001 -2.943289e+001 -9.543771e+001,,,
14076650000 -2.384293e+001 1.075386e+001 -2.494266e-001 2.929954e+001 -2.346966e-001 2.942890e+001 -3.007752e+001 -9.619897e+001,,,
14181625000 -2.393505e+001 7.826505e+000 -2.469254e-001 2.674890e+001 -2.460624e-001 2.694732e+001 -2.990600e+001 -9.329453e+001,,,
14286600000 -2.403156e+001 4.707286e+000 -2.584244e-001 2.427310e+001 -2.428885e-001 2.439784e+001 -3.045222e+001 -9.506733e+001,,,
14391575000 -2.409192e+001 1.490697e+000 -2.563208e-001 2.178529e+001 -2.510270e-001 2.189343e+001 -3.057825e+001 -9.749548e+001,,,
14496550000 -2.421331e+001 -1.366550e+000 -2.400836e-001 1.938195e+001 -2.460424e-001 1.933648e+001 -3.103926e+001 -9.582703e+001,,,
14601525000 -2.426001e+001 -5.505538e+000 -2.437904e-001 1.691740e+001 -2.605010e-001 1.687408e+001 -3.174643e+001 -9.867767e+001,,,
14706500000 -2.430713e+001 -9.390491e+000 -2.414242e-001 1.441076e+001 -2.574106e-001 1.444355e+001 -3.116140e+001 -9.702476e+001,,,
14811475000 -2.443522e+001 -1.296884e+001 -2.277971e-001 1.193118e+001 -2.604145e-001 1.191885e+001 -3.077369e+001 -9.691730e+001,,,
14916450000 -2.455121e+001 -1.723408e+001 -2.457117e-001 9.503838e+000 -2.748140e-001 9.519592e+000 -3.087210e+001 -9.688428e+001,,,
15021425000 -2.459845e+001 -2.064170e+001 -2.591877e-001 7.021962e+000 -2.581308e-001 7.013427e+000 -3.063193e+001 -9.962445e+001,,,
15126400000 -2.477658e+001 -2.539154e+001 -2.614408e-001 4.573934e+000 -2.666123e-001 4.617353e+000 -3.039018e+001 -9.738454e+001,,,
15231375000 -2.485499e+001 -2.917601e+001 -2.510972e-001 2.168104e+000 -2.781925e-001 2.064786e+000 -3.025001e+001 -1.004989e+002,,,
15336350000 -2.504792e+001 -3.352105e+001 -2.506027e-001 -2.722633e-001 -2.627994e-001 -3.834272e-001 -2.989853e+001 -1.016101e+002,,,
15441325000 -2.515605e+001 -3.688740e+001 -2.574417e-001 -2.955692e+000 -2.710543e-001 -2.877757e+000 -2.974358e+001 -1.079497e+002,,,
15546300000 -2.529943e+001 -4.107419e+001 -2.528264e-001 -5.549134e+000 -2.844070e-001 -5.287850e+000 -2.978297e+001 -1.114374e+002,,,
15651275000 -2.566159e+001 -4.434689e+001 -2.464839e-001 -7.886987e+000 -2.891095e-001 -7.818931e+000 -2.946087e+001 -1.158044e+002,,,
15756250000 -2.588285e+001 -4.801604e+001 -2.694845e-001 -1.022105e+001 -2.803378e-001 -1.027922e+001 -2.937532e+001 -1.194790e+002,,,
15861225000 -2.637286e+001 -5.062344e+001 -2.625598e-001 -1.270280e+001 -2.666852e-001 -1.284342e+001 -2.929129e+001 -1.230538e+002,,,
15966200000 -2.667899e+001 -5.383910e+001 -2.731451e-001 -1.518804e+001 -2.952043e-001 -1.526180e+001 -2.961334e+001 -1.287319e+002,,,
16071175000 -2.724814e+001 -5.619511e+001 -2.673218e-001 -1.759322e+001 -2.869355e-001 -1.772353e+001 -2.991998e+001 -1.357482e+002,,,
16176150000 -2.782755e+001 -5.805283e+001 -2.463966e-001 -2.001063e+001 -2.863391e-001 -2.025173e+001 -3.033162e+001 -1.427823e+002,,,
16281125000 -2.841990e+001 -5.799330e+001 -2.378480e-001 -2.233240e+001 -2.959610e-001 -2.261168e+001 -3.065930e+001 -1.521035e+002,,,
16386100000 -2.917800e+001 -5.967514e+001 -2.551180e-001 -2.502393e+001 -3.040835e-001 -2.504811e+001 -3.165321e+001 -1.577704e+002,,,
16491075000 -3.004004e+001 -5.746063e+001 -2.734799e-001 -2.735291e+001 -3.064218e-001 -2.749129e+001 -3.164195e+001 -1.658017e+002,,,
16596050000 -3.038855e+001 -5.675468e+001 -2.607158e-001 -2.997152e+001 -2.951098e-001 -2.984111e+001 -3.193035e+001 -1.760348e+002,,,
16701025000 -3.131544e+001 -5.365562e+001 -2.180193e-001 -3.257478e+001 -3.132572e-001 -3.227295e+001 -3.372328e+001 1.751496e+002,,,
16806000000 -3.174138e+001 -5.041840e+001 -2.339770e-001 -3.493977e+001 -2.713594e-001 -3.469897e+001 -3.434030e+001 1.626325e+002,,,
16910975000 -3.248812e+001 -4.532625e+001 -2.432478e-001 -3.745980e+001 -2.689097e-001 -3.709709e+001 -3.505718e+001 1.470419e+002,,,
17015950000 -3.252065e+001 -3.649702e+001 -2.448048e-001 -3.998994e+001 -2.829556e-001 -3.963683e+001 -3.574036e+001 1.340484e+002,,,
17120925000 -3.231901e+001 -2.634972e+001 -2.485919e-001 -4.257616e+001 -2.583579e-001 -4.214350e+001 -3.605655e+001 1.123954e+002,,,
17225900000 -3.216448e+001 -2.314651e+001 -2.541331e-001 -4.505618e+001 -2.212018e-001 -4.457247e+001 -3.540604e+001 1.016301e+002,,,
17330875000 -3.127221e+001 -1.684521e+001 -2.796561e-001 -4.759292e+001 -2.212944e-001 -4.725926e+001 -3.423461e+001 8.050690e+001,,,
17435850000 -3.014556e+001 -1.377896e+001 -2.879578e-001 -5.010411e+001 -2.422395e-001 -4.963496e+001 -3.403650e+001 6.344864e+001,,,
17540825000 -2.929732e+001 -1.057156e+001 -2.759694e-001 -5.262443e+001 -2.319110e-001 -5.235899e+001 -3.284983e+001 5.338394e+001,,,
17645800000 -2.827330e+001 -1.158527e+001 -3.087530e-001 -5.471493e+001 -2.426127e-001 -5.493309e+001 -3.203234e+001 3.834652e+001,,,
17750775000 -2.723996e+001 -1.409497e+001 -3.526270e-001 -5.715807e+001 -2.651387e-001 -5.758252e+001 -3.113335e+001 2.497164e+001,,,
17855750000 -2.665224e+001 -1.349939e+001 -3.316836e-001 -5.972935e+001 -2.699322e-001 -5.979057e+001 -3.002203e+001 1.459220e+001,,,
17960725000 -2.579204e+001 -1.784830e+001 -3.408523e-001 -6.187220e+001 -2.703959e-001 -6.245676e+001 -2.943671e+001 7.375626e+000,,,
18065700000 -2.519878e+001 -2.036086e+001 -2.790506e-001 -6.438521e+001 -2.662377e-001 -6.487961e+001 -2.885924e+001 -1.388747e+000,,,
18170675000 -2.472253e+001 -2.513659e+001 -3.175796e-001 -6.655519e+001 -3.692647e-001 -6.743848e+001 -2.784838e+001 -1.005096e+001,,,
18275650000 -2.425003e+001 -2.917976e+001 -3.322539e-001 -6.897240e+001 -3.993005e-001 -6.950863e+001 -2.762736e+001 -1.602547e+001,,,
18380625000 -2.394739e+001 -3.180868e+001 -2.854977e-001 -7.163288e+001 -3.622661e-001 -7.202268e+001 -2.749031e+001 -2.180725e+001,,,
18485600000 -2.362712e+001 -3.670164e+001 -3.087492e-001 -7.397249e+001 -3.326977e-001 -7.413215e+001 -2.673875e+001 -2.726679e+001,,,
18590575000 -2.309297e+001 -4.100302e+001 -2.399173e-001 -7.638010e+001 -3.327041e-001 -7.641536e+001 -2.646195e+001 -3.110102e+001,,,
18695550000 -2.265535e+001 -4.541503e+001 -2.129871e-001 -7.900505e+001 -2.656345e-001 -7.901253e+001 -2.597589e+001 -3.918837e+001,,,
18800525000 -2.228676e+001 -5.116598e+001 -2.548226e-001 -8.150611e+001 -3.051716e-001 -8.124493e+001 -2.570390e+001 -4.560314e+001,,,
18905500000 -2.192406e+001 -5.647179e+001 -2.507528e-001 -8.406677e+001 -2.878901e-001 -8.397073e+001 -2.532762e+001 -5.233033e+001,,,
19010475000 -2.166139e+001 -6.206659e+001 -1.998091e-001 -8.710530e+001 -2.193227e-001 -8.644193e+001 -2.498687e+001 -5.959704e+001,,,
19115450000 -2.129838e+001 -6.822150e+001 -1.992722e-001 -8.916293e+001 -1.890212e-001 -8.933147e+001 -2.463078e+001 -6.656357e+001,,,
19220425000 -2.097933e+001 -7.365172e+001 -1.799919e-001 -9.212674e+001 -1.784448e-001 -9.180559e+001 -2.456261e+001 -7.415451e+001,,,
19325400000 -2.080096e+001 -7.829830e+001 -1.751621e-001 -9.405168e+001 -2.603214e-001 -9.373265e+001 -2.459033e+001 -7.856506e+001,,,
19430375000 -2.059372e+001 -8.464402e+001 -2.664814e-001 -9.711640e+001 -2.288060e-001 -9.633562e+001 -2.440079e+001 -8.653378e+001,,,
19535350000 -2.042413e+001 -9.029515e+001 -2.835445e-001 -9.994727e+001 -2.452361e-001 -9.927654e+001 -2.420601e+001 -9.419555e+001,,,
19640325000 -2.026872e+001 -9.557426e+001 -2.979985e-001 -1.022752e+002 -2.026419e-001 -1.021978e+002 -2.429304e+001 -1.004668e+002,,,
19745300000 -2.011814e+001 -1.017656e+002 -2.869379e-001 -1.045221e+002 -2.324762e-001 -1.045843e+002 -2.426638e+001 -1.075923e+002,,,
19850275000 -1.977347e+001 -1.070226e+002 -3.198996e-001 -1.068566e+002 -2.251879e-001 -1.070634e+002 -2.427009e+001 -1.153846e+002,,,
19955250000 -1.966116e+001 -1.114620e+002 -4.467682e-001 -1.089203e+002 -2.260682e-001 -1.095208e+002 -2.427229e+001 -1.223837e+002,,,
20060225000 -1.943823e+001 -1.160247e+002 -4.178681e-001 -1.120515e+002 -2.951620e-001 -1.123045e+002 -2.416723e+001 -1.303197e+002,,,
20165200000 -1.926246e+001 -1.203819e+002 -3.734437e-001 -1.142702e+002 -3.836314e-001 -1.146929e+002 -2.386666e+001 -1.364462e+002,,,
20270175000 -1.897984e+001 -1.250558e+002 -4.033153e-001 -1.161113e+002 -4.006824e-001 -1.166851e+002 -2.350129e+001 -1.440745e+002,,,
20375150000 -1.884999e+001 -1.303389e+002 -3.285744e-001 -1.183519e+002 -3.564894e-001 -1.185600e+002 -2.356122e+001 -1.539927e+002,,,
20480125000 -1.881933e+001 -1.348378e+002 -3.954327e-001 -1.209714e+002 -2.499315e-001 -1.206210e+002 -2.335543e+001 -1.629992e+002,,,
20585100000 -1.883668e+001 -1.388265e+002 -3.724158e-001 -1.235558e+002 -2.118556e-001 -1.238034e+002 -2.354029e+001 -1.698813e+002,,,
20690075000 -1.889273e+001 -1.424459e+002 -3.442834e-001 -1.257819e+002 -1.711925e-001 -1.268651e+002 -2.378738e+001 -1.756733e+002,,,
20795050000 -1.861265e+001 -1.454884e+002 -2.819237e-001 -1.274353e+002 -2.781000e-001 -1.290383e+002 -2.346693e+001 1.747733e+002,,,
20900025000 -1.876508e+001 -1.498092e+002 -3.191491e-001 -1.301290e+002 -2.762787e-001 -1.311620e+002 -2.322210e+001 1.662303e+002,,,
21005000000 -1.895436e+001 -1.539508e+002 -1.983619e-001 -1.324718e+002 -2.669793e-001 -1.335892e+002 -2.329403e+001 1.585361e+002,,,
21109975000 -1.903298e+001 -1.567061e+002 -2.450357e-001 -1.353707e+002 -2.608080e-001 -1.368654e+002 -2.347411e+001 1.551660e+002,,,
21214950000 -1.903900e+001 -1.599341e+002 -1.273874e-001 -1.381947e+002 -1.874770e-001 -1.391749e+002 -2.354518e+001 1.462668e+002,,,
21319925000 -1.921519e+001 -1.631141e+002 -2.061239e-001 -1.401120e+002 -2.749997e-001 -1.420824e+002 -2.327576e+001 1.405462e+002,,,
21424900000 -1.940457e+001 -1.665394e+002 -1.706459e-001 -1.431704e+002 -2.760675e-001 -1.445511e+002 -2.342647e+001 1.346355e+002,,,
21529875000 -1.975245e+001 -1.702501e+002 -1.870004e-001 -1.455631e+002 -3.765168e-001 -1.466219e+002 -2.339885e+001 1.273639e+002,,,
21634850000 -2.013515e+001 -1.731467e+002 -2.094731e-001 -1.487055e+002 -3.542347e-001 -1.489953e+002 -2.362504e+001 1.194346e+002,,,
21739825000 -2.029805e+001 -1.761942e+002 -1.624556e-001 -1.510625e+002 -3.378353e-001 -1.512213e+002 -2.363008e+001 1.131824e+002,,,
21844800000 -2.068079e+001 -1.796703e+002 -2.308241e-001 -1.538772e+002 -2.973622e-001 -1.542199e+002 -2.422703e+001 1.072675e+002,,,
21949775000 -2.093827e+001 1.790405e+002 -1.799344e-001 -1.559973e+002 -3.538933e-001 -1.563867e+002 -2.444295e+001 9.901345e+001,,,
22054750000 -2.135466e+001 1.759017e+002 -2.542189e-001 -1.587571e+002 -3.843126e-001 -1.588439e+002 -2.459529e+001 9.362393e+001,,,
22159725000 -2.155319e+001 1.729531e+002 -2.396616e-001 -1.612460e+002 -3.534863e-001 -1.611534e+002 -2.497488e+001 8.851207e+001,,,
22264700000 -2.199856e+001 1.711558e+002 -2.718942e-001 -1.637911e+002 -3.902535e-001 -1.635566e+002 -2.536699e+001 8.219288e+001,,,
22369675000 -2.226870e+001 1.700535e+002 -2.663565e-001 -1.660147e+002 -3.640238e-001 -1.660029e+002 -2.618102e+001 7.688578e+001,,,
22474650000 -2.248846e+001 1.677809e+002 -2.735684e-001 -1.686993e+002 -3.772492e-001 -1.684126e+002 -2.658051e+001 6.944105e+001,,,
22579625000 -2.269531e+001 1.678658e+002 -2.735696e-001 -1.708898e+002 -3.625103e-001 -1.708195e+002 -2.748554e+001 6.436684e+001,,,
22684600000 -2.283179e+001 1.658646e+002 -2.860807e-001 -1.733638e+002 -3.345476e-001 -1.731887e+002 -2.826386e+001 5.791324e+001,,,
22789575000 -2.287673e+001 1.648661e+002 -2.823685e-001 -1.759267e+002 -3.333251e-001 -1.757654e+002 -2.916994e+001 5.169297e+001,,,
22894550000 -2.291236e+001 1.632222e+002 -2.641437e-001 -1.784015e+002 -3.351355e-001 -1.782065e+002 -3.005075e+001 4.762729e+001,,,
22999525000 -2.310170e+001 1.632015e+002 -2.781065e-001 1.791308e+002 -3.304054e-001 1.792832e+002 -3.166668e+001 4.414340e+001,,,
23104500000 -2.313493e+001 1.608590e+002 -2.707376e-001 1.767673e+002 -3.449375e-001 1.769346e+002 -3.282307e+001 4.031793e+001,,,
23209475000 -2.294551e+001 1.600846e+002 -2.924437e-001 1.740858e+002 -3.453062e-001 1.743255e+002 -3.368734e+001 3.339893e+001,,,
23314450000 -2.282287e+001 1.577093e+002 -2.700823e-001 1.717757e+002 -3.334904e-001 1.718752e+002 -3.525652e+001 3.251736e+001,,,
23419425000 -2.266557e+001 1.571633e+002 -3.098240e-001 1.691405e+002 -3.340005e-001 1.694688e+002 -3.760021e+001 2.878405e+001,,,
23524400000 -2.259649e+001 1.548524e+002 -2.672061e-001 1.666952e+002 -3.312387e-001 1.669629e+002 -3.951722e+001 3.088567e+001,,,
23629375000 -2.252507e+001 1.531437e+002 -2.960844e-001 1.642423e+002 -3.359984e-001 1.644562e+002 -4.038713e+001 3.150983e+001,,,
23734350000 -2.231550e+001 1.514926e+002 -3.065185e-001 1.617924e+002 -3.014639e-001 1.621541e+002 -4.260111e+001 4.310588e+001,,,
23839325000 -2.228737e+001 1.507811e+002 -2.961423e-001 1.595654e+002 -3.176489e-001 1.595857e+002 -4.412850e+001 3.719943e+001,,,
23944300000 -2.205713e+001 1.467893e+002 -3.257346e-001 1.569424e+002 -3.068313e-001 1.570413e+002 -4.105844e+001 4.607262e+001,,,
24049275000 -2.210659e+001 1.455524e+002 -3.020375e-001 1.545641e+002 -3.249530e-001 1.546552e+002 -4.052855e+001 5.927711e+001,,,
24154250000 -2.193059e+001 1.431811e+002 -2.848147e-001 1.519501e+002 -3.382227e-001 1.520174e+002 -4.051920e+001 5.671453e+001,,,
24259225000 -2.193645e+001 1.415256e+002 -2.975104e-001 1.496665e+002 -3.200436e-001 1.496436e+002 -3.835297e+001 4.631271e+001,,,
24364200000 -2.196816e+001 1.390888e+002 -3.132603e-001 1.469875e+002 -3.207693e-001 1.469631e+002 -3.772740e+001 4.188378e+001,,,
24469175000 -2.200425e+001 1.356313e+002 -2.813099e-001 1.446396e+002 -3.276895e-001 1.444983e+002 -3.465839e+001 3.273289e+001,,,
24574150000 -2.198296e+001 1.314935e+002 -3.150275e-001 1.420823e+002 -3.347593e-001 1.422212e+002 -3.374287e+001 2.741694e+001,,,
24679125000 -2.190371e+001 1.296635e+002 -3.013655e-001 1.395095e+002 -3.187135e-001 1.397030e+002 -3.180632e+001 2.118414e+001,,,
24784100000 -2.226975e+001 1.290150e+002 -3.249989e-001 1.370415e+002 -3.346510e-001 1.371850e+002 -3.134155e+001 1.681134e+001,,,
24889075000 -2.225115e+001 1.238744e+002 -3.248212e-001 1.344045e+002 -3.207730e-001 1.348591e+002 -2.966635e+001 8.378281e+000,,,
24994050000 -2.231218e+001 1.227772e+002 -3.274632e-001 1.322036e+002 -3.531097e-001 1.322210e+002 -2.859815e+001 1.193105e+000,,,
25099025000 -2.247384e+001 1.201098e+002 -3.515994e-001 1.297105e+002 -3.344401e-001 1.298169e+002 -2.733562e+001 -5.087873e+000,,,
25204000000 -2.277261e+001 1.170128e+002 -3.546553e-001 1.273474e+002 -3.343202e-001 1.272857e+002 -2.626632e+001 -1.032132e+001,,,
25308975000 -2.273456e+001 1.161288e+002 -3.913257e-001 1.247809e+002 -3.198714e-001 1.248312e+002 -2.557891e+001 -1.786492e+001,,,
25413950000 -2.311451e+001 1.156174e+002 -3.291513e-001 1.223366e+002 -3.324038e-001 1.223289e+002 -2.454552e+001 -2.408479e+001,,,
25518925000 -2.364090e+001 1.145297e+002 -3.768502e-001 1.202520e+002 -3.410132e-001 1.198587e+002 -2.371948e+001 -3.030113e+001,,,
25623900000 -2.402748e+001 1.127051e+002 -3.381884e-001 1.176744e+002 -3.718925e-001 1.172621e+002 -2.302313e+001 -3.600308e+001,,,
25728875000 -2.448179e+001 1.130709e+002 -3.596245e-001 1.157422e+002 -3.548438e-001 1.148199e+002 -2.201146e+001 -4.067544e+001,,,
25833850000 -2.503163e+001 1.106777e+002 -3.512155e-001 1.129521e+002 -3.756395e-001 1.123155e+002 -2.157220e+001 -4.510046e+001,,,
25938825000 -2.493069e+001 1.141042e+002 -2.873096e-001 1.107280e+002 -3.711649e-001 1.099460e+002 -2.126521e+001 -5.037914e+001,,,
26043800000 -2.571317e+001 1.138954e+002 -3.205451e-001 1.081270e+002 -3.923757e-001 1.074417e+002 -2.044436e+001 -5.451120e+001,,,
26148775000 -2.594249e+001 1.160184e+002 -3.337184e-001 1.057165e+002 -4.144227e-001 1.053550e+002 -2.018361e+001 -6.009498e+001,,,
26253750000 -2.668748e+001 1.177979e+002 -2.416537e-001 1.032683e+002 -4.059973e-001 1.029052e+002 -1.984619e+001 -6.271209e+001,,,
26358725000 -2.667653e+001 1.197458e+002 -3.349249e-001 1.005977e+002 -3.606025e-001 1.006992e+002 -1.917183e+001 -6.789178e+001,,,
26463700000 -2.683517e+001 1.236991e+002 -2.053701e-001 9.815987e+001 -3.727099e-001 9.768549e+001 -1.849839e+001 -7.173916e+001,,,
26568675000 -2.702758e+001 1.223158e+002 -2.128289e-001 9.575835e+001 -3.783396e-001 9.564667e+001 -1.843991e+001 -7.513627e+001,,,
26673650000 -2.677958e+001 1.256965e+002 -1.845334e-001 9.258422e+001 -3.947512e-001 9.316793e+001 -1.786567e+001 -7.970355e+001,,,
26778625000 -2.676441e+001 1.332631e+002 -1.430583e-001 9.010204e+001 -2.566392e-001 9.075647e+001 -1.749422e+001 -8.476844e+001,,,
26883600000 -2.612472e+001 1.310387e+002 -1.918729e-001 8.715593e+001 -3.194980e-001 8.748479e+001 -1.747789e+001 -9.071457e+001,,,
26988575000 -2.587038e+001 1.314731e+002 -2.097732e-001 8.521006e+001 -2.606797e-001 8.555725e+001 -1.717231e+001 -9.433144e+001,,,
27093550000 -2.515664e+001 1.281460e+002 -2.056413e-001 8.185933e+001 -3.134295e-001 8.310698e+001 -1.700262e+001 -1.001636e+002,,,
27198525000 -2.461309e+001 1.252029e+002 -2.224695e-001 7.955325e+001 -2.929159e-001 7.969803e+001 -1.694254e+001 -1.053805e+002,,,
27303500000 -2.456290e+001 1.215925e+002 -3.103567e-001 7.688036e+001 -3.658176e-001 7.767835e+001 -1.709227e+001 -1.084072e+002,,,
27408475000 -2.322629e+001 1.200445e+002 -2.499766e-001 7.441252e+001 -3.001137e-001 7.484592e+001 -1.688949e+001 -1.136311e+002,,,
27513450000 -2.300281e+001 1.142770e+002 -4.149635e-001 7.183585e+001 -3.452623e-001 7.283820e+001 -1.710854e+001 -1.196660e+002,,,
27618425000 -2.215426e+001 1.122624e+002 -3.265253e-001 6.956735e+001 -4.237500e-001 6.952644e+001 -1.734004e+001 -1.235153e+002,,,
27723400000 -2.189975e+001 1.105240e+002 -4.422612e-001 6.728249e+001 -3.814174e-001 6.819405e+001 -1.709292e+001 -1.253756e+002,,,
27828375000 -2.135796e+001 1.045317e+002 -3.348496e-001 6.484428e+001 -4.102606e-001 6.489452e+001 -1.731974e+001 -1.306100e+002,,,
27933350000 -2.091366e+001 9.869768e+001 -4.544591e-001 6.276406e+001 -3.903729e-001 6.265208e+001 -1.743746e+001 -1.343338e+002,,,
28038325000 -2.038724e+001 9.411142e+001 -4.137903e-001 5.993619e+001 -5.043678e-001 6.049955e+001 -1.758872e+001 -1.369710e+002,,,
28143300000 -1.945109e+001 9.268693e+001 -4.790485e-001 5.801796e+001 -4.541095e-001 5.832525e+001 -1.806816e+001 -1.451823e+002,,,
28248275000 -1.912387e+001 9.048911e+001 -3.829462e-001 5.539761e+001 -4.698019e-001 5.604461e+001 -1.809578e+001 -1.481182e+002,,,
28353250000 -1.881249e+001 8.561393e+001 -3.959163e-001 5.338584e+001 -3.699547e-001 5.314594e+001 -1.815095e+001 -1.515074e+002,,,
28458225000 -1.848071e+001 7.954381e+001 -4.244008e-001 5.050013e+001 -3.967659e-001 5.081794e+001 -1.853214e+001 -1.543905e+002,,,
28563200000 -1.790067e+001 7.593497e+001 -3.927069e-001 4.853656e+001 -4.152574e-001 4.818832e+001 -1.898168e+001 -1.581004e+002,,,
28668175000 -1.760485e+001 7.191682e+001 -3.724532e-001 4.562115e+001 -4.287963e-001 4.615093e+001 -1.914138e+001 -1.614084e+002,,,
28773150000 -1.723246e+001 6.808157e+001 -3.532130e-001 4.348307e+001 -4.041070e-001 4.344061e+001 -1.951479e+001 -1.650406e+002,,,
28878125000 -1.703798e+001 6.548214e+001 -3.924505e-001 4.095526e+001 -3.722019e-001 4.091083e+001 -1.973143e+001 -1.682957e+002,,,
28983100000 -1.676200e+001 6.015596e+001 -3.676959e-001 3.845874e+001 -3.957569e-001 3.844504e+001 -2.019476e+001 -1.704914e+002,,,
29088075000 -1.650949e+001 5.676804e+001 -3.802541e-001 3.599993e+001 -3.816131e-001 3.594237e+001 -2.040381e+001 -1.721926e+002,,,
29193050000 -1.628852e+001 5.314486e+001 -3.571246e-001 3.332064e+001 -3.928350e-001 3.351102e+001 -2.061046e+001 -1.745977e+002,,,
29298025000 -1.620015e+001 4.901204e+001 -3.584321e-001 3.098148e+001 -3.691583e-001 3.104343e+001 -2.085490e+001 -1.757795e+002,,,
29403000000 -1.608176e+001 4.448972e+001 -3.487571e-001 2.863710e+001 -4.003673e-001 2.840724e+001 -2.134244e+001 -1.771493e+002,,,
29507975000 -1.586127e+001 4.072754e+001 -3.472960e-001 2.593859e+001 -3.975850e-001 2.602032e+001 -2.122057e+001 -1.774675e+002,,,
29612950000 -1.574576e+001 3.726095e+001 -3.249085e-001 2.359033e+001 -3.959905e-001 2.346659e+001 -2.119050e+001 -1.773178e+002,,,
29717925000 -1.586282e+001 3.431934e+001 -3.545081e-001 2.116685e+001 -3.732634e-001 2.097631e+001 -2.133241e+001 -1.781940e+002,,,
29822900000 -1.584282e+001 2.989058e+001 -3.496633e-001 1.845360e+001 -4.063628e-001 1.837827e+001 -2.109900e+001 -1.795894e+002,,,
29927875000 -1.580361e+001 2.634280e+001 -3.639717e-001 1.603718e+001 -3.909022e-001 1.599244e+001 -2.098206e+001 -1.778684e+002,,,
30032850000 -1.581917e+001 2.225278e+001 -3.416595e-001 1.346195e+001 -3.997599e-001 1.347005e+001 -2.066456e+001 -1.797449e+002,,,
30137825000 -1.572460e+001 1.872254e+001 -3.551349e-001 1.108729e+001 -4.042628e-001 1.093943e+001 -2.026897e+001 1.793810e+002,,,
30242800000 -1.586340e+001 1.557900e+001 -3.416445e-001 8.751203e+000 -4.047455e-001 8.514070e+000 -1.991028e+001 1.767851e+002,,,
30347775000 -1.580703e+001 1.203784e+001 -3.680343e-001 6.192820e+000 -4.273527e-001 6.033135e+000 -1.956428e+001 1.757704e+002,,,
30452750000 -1.598561e+001 8.383721e+000 -3.455103e-001 3.726551e+000 -4.311366e-001 3.605926e+000 -1.940444e+001 1.743606e+002,,,
30557725000 -1.615884e+001 5.134150e+000 -3.460274e-001 1.270975e+000 -4.326735e-001 1.155180e+000 -1.910437e+001 1.711019e+002,,,
30662700000 -1.602106e+001 1.465464e+000 -3.406038e-001 -1.415748e+000 -4.357005e-001 -1.400188e+000 -1.859757e+001 1.685125e+002,,,
30767675000 -1.634436e+001 -1.694543e+000 -3.588987e-001 -3.884264e+000 -4.626580e-001 -3.916641e+000 -1.841955e+001 1.671027e+002,,,
30872650000 -1.632306e+001 -4.507721e+000 -3.362204e-001 -6.305214e+000 -4.620126e-001 -6.359032e+000 -1.816562e+001 1.629707e+002,,,
30977625000 -1.649413e+001 -7.634678e+000 -3.465131e-001 -8.665770e+000 -4.492767e-001 -8.726478e+000 -1.781891e+001 1.596484e+002,,,
31082600000 -1.643968e+001 -1.098448e+001 -3.900485e-001 -1.100354e+001 -4.535238e-001 -1.118896e+001 -1.749789e+001 1.570234e+002,,,
31187575000 -1.652512e+001 -1.301971e+001 -3.205293e-001 -1.378095e+001 -4.931416e-001 -1.356047e+001 -1.733968e+001 1.527673e+002,,,
31292550000 -1.659547e+001 -1.603492e+001 -3.564174e-001 -1.622030e+001 -4.972091e-001 -1.605584e+001 -1.697677e+001 1.500817e+002,,,
31397525000 -1.667891e+001 -1.829448e+001 -3.203665e-001 -1.886642e+001 -4.789981e-001 -1.849140e+001 -1.704160e+001 1.464972e+002,,,
31502500000 -1.675578e+001 -2.077885e+001 -3.644323e-001 -2.075079e+001 -4.927609e-001 -2.091081e+001 -1.672479e+001 1.432035e+002,,,
31607475000 -1.680025e+001 -2.495218e+001 -3.328388e-001 -2.380554e+001 -4.634433e-001 -2.330415e+001 -1.681744e+001 1.397300e+002,,,
31712450000 -1.665209e+001 -2.558097e+001 -3.150141e-001 -2.630810e+001 -4.504550e-001 -2.561986e+001 -1.668778e+001 1.341144e+002,,,
31817425000 -1.671605e+001 -2.803429e+001 -3.083876e-001 -2.943671e+001 -4.783857e-001 -2.809421e+001 -1.667987e+001 1.304335e+002,,,
31922400000 -1.677335e+001 -2.931122e+001 -3.120791e-001 -3.135033e+001 -4.602967e-001 -3.061553e+001 -1.666210e+001 1.279062e+002,,,
32027375000 -1.680298e+001 -3.254893e+001 -3.152459e-001 -3.408248e+001 -4.467154e-001 -3.324700e+001 -1.667842e+001 1.244199e+002,,,
32132350000 -1.667729e+001 -3.429289e+001 -3.735297e-001 -3.663590e+001 -4.369247e-001 -3.556485e+001 -1.668846e+001 1.205758e+002,,,
32237325000 -1.669695e+001 -3.679835e+001 -4.279876e-001 -3.947928e+001 -4.199589e-001 -3.798240e+001 -1.680964e+001 1.167320e+002,,,
32342300000 -1.661894e+001 -3.812999e+001 -3.681204e-001 -4.172575e+001 -4.249247e-001 -4.021292e+001 -1.688040e+001 1.123179e+002,,,
32447275000 -1.674356e+001 -4.018372e+001 -4.122321e-001 -4.453047e+001 -4.212674e-001 -4.326335e+001 -1.690973e+001 1.095595e+002,,,
32552250000 -1.658315e+001 -4.319512e+001 -3.892682e-001 -4.646484e+001 -4.107254e-001 -4.575547e+001 -1.706575e+001 1.063229e+002,,,
32657225000 -1.626685e+001 -4.489658e+001 -4.839851e-001 -4.890771e+001 -4.634715e-001 -4.832728e+001 -1.721379e+001 1.022254e+002,,,
32762200000 -1.636107e+001 -4.675449e+001 -4.654257e-001 -5.161753e+001 -3.732020e-001 -5.048525e+001 -1.753263e+001 1.000471e+002,,,
32867175000 -1.639493e+001 -4.863375e+001 -4.789031e-001 -5.401358e+001 -4.061369e-001 -5.291501e+001 -1.779465e+001 9.634518e+001,,,
32972150000 -1.629598e+001 -5.117257e+001 -4.680362e-001 -5.648516e+001 -4.277869e-001 -5.572151e+001 -1.785906e+001 9.362385e+001,,,
33077125000 -1.609031e+001 -5.381249e+001 -4.569311e-001 -5.864640e+001 -4.283291e-001 -5.824795e+001 -1.826668e+001 8.850133e+001,,,
33182100000 -1.604978e+001 -5.547902e+001 -4.901065e-001 -6.101530e+001 -4.287601e-001 -6.054704e+001 -1.858388e+001 8.557827e+001,,,
33287075000 -1.595426e+001 -5.771667e+001 -4.217879e-001 -6.353958e+001 -4.482644e-001 -6.318557e+001 -1.877452e+001 8.498236e+001,,,
33392050000 -1.604009e+001 -6.008103e+001 -4.774267e-001 -6.592683e+001 -4.610994e-001 -6.535116e+001 -1.930751e+001 8.075558e+001,,,
33497025000 -1.586309e+001 -6.289922e+001 -4.662876e-001 -6.834710e+001 -4.342225e-001 -6.789116e+001 -1.936234e+001 7.862922e+001,,,
33602000000 -1.591221e+001 -6.505533e+001 -4.860885e-001 -7.053497e+001 -3.829663e-001 -7.028902e+001 -1.973466e+001 7.844936e+001,,,
33706975000 -1.590671e+001 -6.761245e+001 -4.656298e-001 -7.348914e+001 -4.176840e-001 -7.318704e+001 -2.003137e+001 7.658150e+001,,,
33811950000 -1.589360e+001 -7.042525e+001 -4.029235e-001 -7.608420e+001 -4.146765e-001 -7.544463e+001 -2.026015e+001 7.436549e+001,,,
33916925000 -1.592647e+001 -7.247282e+001 -4.455846e-001 -7.817053e+001 -4.155131e-001 -7.784895e+001 -2.069825e+001 7.593864e+001,,,
34021900000 -1.600256e+001 -7.546391e+001 -4.441377e-001 -8.071069e+001 -4.000841e-001 -8.033518e+001 -2.094777e+001 7.516635e+001,,,
34126875000 -1.602814e+001 -7.700426e+001 -5.002053e-001 -8.316248e+001 -4.210228e-001 -8.300224e+001 -2.088150e+001 7.528117e+001,,,
34231850000 -1.625550e+001 -8.090242e+001 -4.380440e-001 -8.589017e+001 -3.755853e-001 -8.564848e+001 -2.103629e+001 7.567341e+001,,,
34336825000 -1.619436e+001 -8.337088e+001 -3.971280e-001 -8.823947e+001 -3.786545e-001 -8.788568e+001 -2.125581e+001 7.580425e+001,,,
34441800000 -1.632837e+001 -8.502012e+001 -4.364046e-001 -9.108526e+001 -4.181717e-001 -9.077274e+001 -2.122252e+001 7.537083e+001,,,
34546775000 -1.645510e+001 -8.764987e+001 -4.381761e-001 -9.346189e+001 -4.144374e-001 -9.311532e+001 -2.081206e+001 7.521906e+001,,,
34651750000 -1.668097e+001 -9.068699e+001 -4.241879e-001 -9.591393e+001 -4.656893e-001 -9.586864e+001 -2.071273e+001 7.617979e+001,,,
34756725000 -1.683303e+001 -9.417326e+001 -4.431382e-001 -9.853465e+001 -4.147290e-001 -9.848949e+001 -2.022828e+001 7.734422e+001,,,
34861700000 -1.666327e+001 -9.774616e+001 -4.323635e-001 -1.009315e+002 -4.594654e-001 -1.008149e+002 -2.001456e+001 7.621371e+001,,,
34966675000 -1.677861e+001 -9.899756e+001 -4.266833e-001 -1.030737e+002 -4.542225e-001 -1.035629e+002 -1.944545e+001 7.552068e+001,,,
35071650000 -1.689984e+001 -1.025498e+002 -4.373878e-001 -1.059513e+002 -4.762425e-001 -1.057461e+002 -1.914826e+001 7.473177e+001,,,
35176625000 -1.709530e+001 -1.050605e+002 -4.317930e-001 -1.084121e+002 -5.032375e-001 -1.084645e+002 -1.872936e+001 7.337816e+001,,,
35281600000 -1.716697e+001 -1.091766e+002 -4.387476e-001 -1.108943e+002 -5.363698e-001 -1.107458e+002 -1.839603e+001 7.144342e+001,,,
35386575000 -1.699756e+001 -1.107448e+002 -3.879904e-001 -1.132525e+002 -5.419796e-001 -1.130424e+002 -1.803771e+001 6.998199e+001,,,
35491550000 -1.702370e+001 -1.131976e+002 -4.451767e-001 -1.159376e+002 -5.032601e-001 -1.157252e+002 -1.767035e+001 6.764297e+001,,,
35596525000 -1.698287e+001 -1.150411e+002 -4.035840e-001 -1.183634e+002 -5.022365e-001 -1.181850e+002 -1.720014e+001 6.399246e+001,,,
35701500000 -1.712426e+001 -1.192414e+002 -4.040902e-001 -1.209483e+002 -5.193767e-001 -1.205911e+002 -1.672378e+001 6.135069e+001,,,
35806475000 -1.669894e+001 -1.226243e+002 -4.125120e-001 -1.235167e+002 -5.255800e-001 -1.233707e+002 -1.658343e+001 5.932517e+001,,,
35911450000 -1.645107e+001 -1.226860e+002 -4.167185e-001 -1.259417e+002 -5.313289e-001 -1.253402e+002 -1.606112e+001 5.670550e+001,,,
36016425000 -1.650390e+001 -1.254401e+002 -4.555914e-001 -1.283878e+002 -5.490411e-001 -1.279242e+002 -1.590033e+001 5.353333e+001,,,
36121400000 -1.624873e+001 -1.275833e+002 -4.463928e-001 -1.307938e+002 -5.485462e-001 -1.308602e+002 -1.565953e+001 5.055526e+001,,,
36226375000 -1.613796e+001 -1.284606e+002 -4.867509e-001 -1.332142e+002 -5.714735e-001 -1.332701e+002 -1.543190e+001 4.817523e+001,,,
36331350000 -1.593344e+001 -1.319807e+002 -4.422951e-001 -1.356430e+002 -5.444464e-001 -1.357219e+002 -1.535461e+001 4.399532e+001,,,
36436325000 -1.569746e+001 -1.349853e+002 -4.480224e-001 -1.386241e+002 -5.582108e-001 -1.381911e+002 -1.511284e+001 4.113576e+001,,,
36541300000 -1.527883e+001 -1.350341e+002 -4.637678e-001 -1.405968e+002 -6.141319e-001 -1.402896e+002 -1.497604e+001 3.928324e+001,,,
36646275000 -1.523116e+001 -1.365274e+002 -5.014922e-001 -1.433176e+002 -6.401225e-001 -1.428190e+002 -1.480262e+001 3.636625e+001,,,
36751250000 -1.499321e+001 -1.394033e+002 -4.900517e-001 -1.456634e+002 -6.149368e-001 -1.451389e+002 -1.481763e+001 3.273084e+001,,,
36856225000 -1.487161e+001 -1.413663e+002 -4.834484e-001 -1.483109e+002 -6.631004e-001 -1.475736e+002 -1.472127e+001 2.996539e+001,,,
36961200000 -1.447066e+001 -1.444743e+002 -5.070279e-001 -1.505509e+002 -6.710593e-001 -1.501210e+002 -1.448787e+001 2.785455e+001,,,
37066175000 -1.427023e+001 -1.461611e+002 -5.266130e-001 -1.530673e+002 -6.582175e-001 -1.521438e+002 -1.444846e+001 2.553445e+001,,,
37171150000 -1.426227e+001 -1.493854e+002 -4.920941e-001 -1.553263e+002 -6.456373e-001 -1.545305e+002 -1.460550e+001 2.191167e+001,,,
37276125000 -1.404208e+001 -1.525547e+002 -4.774128e-001 -1.582266e+002 -6.484885e-001 -1.571272e+002 -1.453034e+001 1.978692e+001,,,
37381100000 -1.385808e+001 -1.552955e+002 -4.885014e-001 -1.602868e+002 -6.600099e-001 -1.593632e+002 -1.444779e+001 1.835505e+001,,,
37486075000 -1.376482e+001 -1.575229e+002 -5.062340e-001 -1.629216e+002 -6.204576e-001 -1.617355e+002 -1.454460e+001 1.453837e+001,,,
37591050000 -1.369795e+001 -1.607594e+002 -5.518044e-001 -1.657819e+002 -6.352729e-001 -1.641868e+002 -1.448599e+001 1.258198e+001,,,
37696025000 -1.366772e+001 -1.642768e+002 -5.265424e-001 -1.682604e+002 -5.779243e-001 -1.664565e+002 -1.454908e+001 9.708135e+000,,,
37801000000 -1.351278e+001 -1.668685e+002 -5.732214e-001 -1.703596e+002 -5.825478e-001 -1.688050e+002 -1.456120e+001 7.245466e+000,,,
37905975000 -1.358881e+001 -1.704476e+002 -5.812451e-001 -1.729065e+002 -5.570317e-001 -1.712926e+002 -1.461300e+001 3.935173e+000,,,
38010950000 -1.344811e+001 -1.738891e+002 -6.164789e-001 -1.755174e+002 -5.759081e-001 -1.740786e+002 -1.464655e+001 3.176607e+000,,,
38115925000 -1.338769e+001 -1.771902e+002 -6.019464e-001 -1.775012e+002 -5.720830e-001 -1.762393e+002 -1.484394e+001 8.049690e-001,,,
38220900000 -1.337550e+001 -1.793391e+002 -6.156247e-001 1.794913e+002 -5.857044e-001 -1.787519e+002 -1.491891e+001 -2.780980e+000,,,
38325875000 -1.350206e+001 1.767319e+002 -6.530901e-001 1.774538e+002 -5.360240e-001 1.785655e+002 -1.505086e+001 -4.712964e+000,,,
38430850000 -1.356176e+001 1.735135e+002 -6.403248e-001 1.750686e+002 -5.263224e-001 1.762101e+002 -1.518291e+001 -6.356420e+000,,,
38535825000 -1.349555e+001 1.701155e+002 -6.312558e-001 1.724125e+002 -5.217804e-001 1.737669e+002 -1.530319e+001 -8.467401e+000,,,
38640800000 -1.345352e+001 1.673268e+002 -6.581106e-001 1.701539e+002 -5.055068e-001 1.713055e+002 -1.554350e+001 -1.091934e+001,,,
38745775000 -1.352224e+001 1.629255e+002 -6.237398e-001 1.677912e+002 -5.182206e-001 1.684468e+002 -1.565466e+001 -1.270845e+001,,,
38850750000 -1.345370e+001 1.606063e+002 -6.170633e-001 1.655921e+002 -5.446422e-001 1.663629e+002 -1.559400e+001 -1.568673e+001,,,
38955725000 -1.351013e+001 1.568912e+002 -6.353703e-001 1.628522e+002 -4.717130e-001 1.635501e+002 -1.575300e+001 -1.713129e+001,,,
39060700000 -1.351303e+001 1.536134e+002 -6.013942e-001 1.607478e+002 -5.155405e-001 1.613524e+002 -1.599431e+001 -2.033048e+001,,,
39165675000 -1.351868e+001 1.503517e+002 -5.801590e-001 1.578536e+002 -4.641607e-001 1.584178e+002 -1.582339e+001 -2.097301e+001,,,
39270650000 -1.345039e+001 1.471678e+002 -5.315366e-001 1.554665e+002 -4.766219e-001 1.560672e+002 -1.605494e+001 -2.438599e+001,,,
39375625000 -1.361735e+001 1.442161e+002 -5.317324e-001 1.531337e+002 -4.477868e-001 1.535771e+002 -1.617135e+001 -2.687639e+001,,,
39480600000 -1.358379e+001 1.400157e+002 -5.647441e-001 1.503914e+002 -4.698130e-001 1.508565e+002 -1.630517e+001 -2.951555e+001,,,
39585575000 -1.376998e+001 1.380307e+002 -5.524620e-001 1.482056e+002 -4.777718e-001 1.482374e+002 -1.633459e+001 -3.230986e+001,,,
39690550000 -1.394150e+001 1.344987e+002 -5.440365e-001 1.452554e+002 -4.763174e-001 1.459868e+002 -1.659094e+001 -3.510411e+001,,,
39795525000 -1.396984e+001 1.313963e+002 -5.212454e-001 1.431005e+002 -4.895100e-001 1.432790e+002 -1.654940e+001 -3.772398e+001,,,
39900500000 -1.401006e+001 1.290483e+002 -5.733335e-001 1.401816e+002 -4.699502e-001 1.410914e+002 -1.674813e+001 -4.068092e+001,,,
40005475000 -1.407241e+001 1.266259e+002 -5.168223e-001 1.379527e+002 -4.907687e-001 1.382235e+002 -1.679483e+001 -4.378665e+001,,,
40110450000 -1.422659e+001 1.242903e+002 -5.273421e-001 1.351233e+002 -4.873317e-001 1.360610e+002 -1.671869e+001 -4.625865e+001,,,
40215425000 -1.421385e+001 1.211663e+002 -5.190473e-001 1.329036e+002 -4.781570e-001 1.334841e+002 -1.692727e+001 -4.923403e+001,,,
40320400000 -1.420754e+001 1.203757e+002 -5.759121e-001 1.300480e+002 -4.716716e-001 1.309045e+002 -1.682920e+001 -5.363533e+001,,,
40425375000 -1.462462e+001 1.187314e+002 -5.904783e-001 1.279414e+002 -5.005255e-001 1.282225e+002 -1.689978e+001 -5.596761e+001,,,
40530350000 -1.447409e+001 1.158533e+002 -5.727313e-001 1.254688e+002 -4.569748e-001 1.259384e+002 -1.684642e+001 -5.844234e+001,,,
40635325000 -1.472807e+001 1.140959e+002 -4.664023e-001 1.229629e+002 -5.180566e-001 1.235655e+002 -1.686531e+001 -6.066664e+001,,,
40740300000 -1.471225e+001 1.104328e+002 -5.797333e-001 1.204510e+002 -4.557934e-001 1.206812e+002 -1.706154e+001 -6.392380e+001,,,
40845275000 -1.471495e+001 1.105969e+002 -4.764050e-001 1.173260e+002 -5.181746e-001 1.186096e+002 -1.709951e+001 -6.726817e+001,,,
40950250000 -1.478746e+001 1.076199e+002 -5.969083e-001 1.154688e+002 -4.976415e-001 1.159685e+002 -1.703200e+001 -7.120091e+001,,,
41055225000 -1.469425e+001 1.064671e+002 -5.614249e-001 1.130246e+002 -5.278374e-001 1.134952e+002 -1.713242e+001 -7.376646e+001,,,
41160200000 -1.485104e+001 1.057958e+002 -5.772222e-001 1.105099e+002 -4.924532e-001 1.109301e+002 -1.699200e+001 -7.554935e+001,,,
41265175000 -1.492666e+001 1.029125e+002 -5.290677e-001 1.080008e+002 -5.150111e-001 1.085508e+002 -1.701873e+001 -7.876508e+001,,,
41370150000 -1.504981e+001 9.977548e+001 -5.801445e-001 1.057908e+002 -5.143063e-001 1.060220e+002 -1.706106e+001 -8.064820e+001,,,
41475125000 -1.485061e+001 9.687076e+001 -5.012034e-001 1.029294e+002 -5.111454e-001 1.036960e+002 -1.712137e+001 -8.337547e+001,,,
41580100000 -1.479291e+001 9.602716e+001 -6.015626e-001 1.006179e+002 -4.940950e-001 1.011256e+002 -1.715659e+001 -8.449564e+001,,,
41685075000 -1.492439e+001 9.317043e+001 -5.718833e-001 9.835995e+001 -5.038007e-001 9.868925e+001 -1.696696e+001 -8.590427e+001,,,
41790050000 -1.496399e+001 9.071430e+001 -6.097644e-001 9.576829e+001 -5.020973e-001 9.613227e+001 -1.691331e+001 -8.469753e+001,,,
41895025000 -1.491497e+001 8.686727e+001 -5.624586e-001 9.344113e+001 -5.146819e-001 9.348513e+001 -1.560811e+001 -8.205318e+001,,,
42000000000 -1.513651e+001 8.428914e+001 -5.130937e-001 9.127896e+001 -4.307366e-001 9.144823e+001 -1.685807e+001 -9.624084e+001,,,
