MS46122B,,,,
!7/15/2019.4:56:15.PM,,,,
!CHANNEL.1,,,,
!TR.MEASUREMENT,,,,
!RF.CORRECTION: FULL.TWO.PORT.CAL.PORT.1.2,,,,
!AVERAGING.OFF,,,,
!IF.BANDWIDTH: 300HZ,,,,
!NUMBER.OF.TRACES: 4,,,,
!TRACE:       ,TRACE.1           ,TRACE.2           ,TRACE.3           ,TRACE.4           
!PARAMETER:   ,S11               ,S21               ,S12               ,S22               
!PORT:        ,PORT1             ,PORT1             ,PORT2             ,PORT2             
!GRAPH:       ,SWR               ,LOGMAG            ,LOGMAG            ,SWR               
!SMOOTHING:   ,OFF               ,OFF               ,OFF               ,OFF               
!TIMEDOMAIN:  ,OFF               ,OFF               ,OFF               ,OFF               
!SWEEPTYPE: FREQ.SWEEP(Linear),,,,
PNT,FREQ1.GHZ,SWR1,FREQ2.GHZ,LOGMAG2
1,0.01,1.02E+00,0.01,-2.95E+01
2,0.015,1.02E+00,0.015,-2.95E+01
3,0.02,1.02E+00,0.02,-2.95E+01
4,0.025,1.02E+00,0.025,-2.95E+01
5,0.03,1.02E+00,0.03,-2.95E+01
6,0.035,1.02E+00,0.035,-2.95E+01
7,0.04,1.02E+00,0.04,-2.95E+01
8,0.045,1.02E+00,0.045,-2.95E+01
9,0.05,1.03E+00,0.05,-2.95E+01
10,0.055,1.03E+00,0.055,-2.95E+01
11,0.06,1.03E+00,0.06,-2.95E+01
12,0.065,1.03E+00,0.065,-2.95E+01
13,0.07,1.03E+00,0.07,-2.95E+01
14,0.075,1.03E+00,0.075,-2.95E+01
15,0.08,1.03E+00,0.08,-2.95E+01
16,0.085,1.03E+00,0.085,-2.95E+01
17,0.09,1.03E+00,0.09,-2.95E+01
18,0.095,1.03E+00,0.095,-2.95E+01
19,0.1,1.03E+00,0.1,-2.95E+01
20,0.105,1.03E+00,0.105,-2.95E+01
21,0.11,1.03E+00,0.11,-2.95E+01
22,0.115,1.03E+00,0.115,-2.95E+01
23,0.12,1.03E+00,0.12,-2.95E+01
24,0.125,1.03E+00,0.125,-2.96E+01
25,0.13,1.03E+00,0.13,-2.95E+01
26,0.135,1.03E+00,0.135,-2.95E+01
27,0.14,1.03E+00,0.14,-2.96E+01
28,0.145,1.03E+00,0.145,-2.96E+01
29,0.15,1.03E+00,0.15,-2.96E+01
30,0.155,1.03E+00,0.155,-2.96E+01
31,0.16,1.04E+00,0.16,-2.96E+01
32,0.165,1.04E+00,0.165,-2.96E+01
33,0.17,1.04E+00,0.17,-2.95E+01
34,0.175,1.04E+00,0.175,-2.96E+01
35,0.18,1.04E+00,0.18,-2.96E+01
36,0.185,1.04E+00,0.185,-2.96E+01
37,0.19,1.04E+00,0.19,-2.96E+01
38,0.195,1.04E+00,0.195,-2.96E+01
39,0.2,1.04E+00,0.2,-2.96E+01
40,0.205,1.04E+00,0.205,-2.96E+01
41,0.21,1.04E+00,0.21,-2.96E+01
42,0.215,1.04E+00,0.215,-2.96E+01
43,0.22,1.04E+00,0.22,-2.96E+01
44,0.225,1.04E+00,0.225,-2.96E+01
45,0.23,1.04E+00,0.23,-2.96E+01
46,0.235,1.04E+00,0.235,-2.96E+01
47,0.24,1.04E+00,0.24,-2.96E+01
48,0.245,1.04E+00,0.245,-2.96E+01
49,0.25,1.04E+00,0.25,-2.96E+01
50,0.255,1.04E+00,0.255,-2.96E+01
51,0.26,1.04E+00,0.26,-2.96E+01
52,0.265,1.05E+00,0.265,-2.96E+01
53,0.27,1.05E+00,0.27,-2.96E+01
54,0.275,1.05E+00,0.275,-2.96E+01
55,0.28,1.05E+00,0.28,-2.96E+01
56,0.285,1.05E+00,0.285,-2.96E+01
57,0.29,1.05E+00,0.29,-2.96E+01
58,0.295,1.05E+00,0.295,-2.96E+01
59,0.3,1.05E+00,0.3,-2.96E+01
60,0.305,1.05E+00,0.305,-2.96E+01
61,0.31,1.05E+00,0.31,-2.96E+01
62,0.315,1.05E+00,0.315,-2.96E+01
63,0.32,1.06E+00,0.32,-2.96E+01
64,0.325,1.06E+00,0.325,-2.96E+01
65,0.33,1.05E+00,0.33,-2.96E+01
66,0.335,1.05E+00,0.335,-2.96E+01
67,0.34,1.05E+00,0.34,-2.96E+01
68,0.345,1.05E+00,0.345,-2.96E+01
69,0.35,1.05E+00,0.35,-2.96E+01
70,0.355,1.05E+00,0.355,-2.96E+01
71,0.36,1.06E+00,0.36,-2.96E+01
72,0.365,1.06E+00,0.365,-2.96E+01
73,0.37,1.06E+00,0.37,-2.96E+01
74,0.375,1.06E+00,0.375,-2.96E+01
75,0.38,1.06E+00,0.38,-2.96E+01
76,0.385,1.06E+00,0.385,-2.96E+01
77,0.39,1.06E+00,0.39,-2.96E+01
78,0.395,1.06E+00,0.395,-2.96E+01
79,0.4,1.06E+00,0.4,-2.96E+01
80,0.405,1.07E+00,0.405,-2.96E+01
81,0.41,1.07E+00,0.41,-2.96E+01
82,0.415,1.07E+00,0.415,-2.96E+01
83,0.42,1.07E+00,0.42,-2.96E+01
84,0.425,1.07E+00,0.425,-2.96E+01
85,0.43,1.07E+00,0.43,-2.96E+01
86,0.435,1.07E+00,0.435,-2.97E+01
87,0.44,1.07E+00,0.44,-2.97E+01
88,0.445,1.07E+00,0.445,-2.97E+01
89,0.45,1.07E+00,0.45,-2.97E+01
90,0.455,1.07E+00,0.455,-2.97E+01
91,0.46,1.07E+00,0.46,-2.97E+01
92,0.465,1.07E+00,0.465,-2.97E+01
93,0.47,1.07E+00,0.47,-2.97E+01
94,0.475,1.07E+00,0.475,-2.97E+01
95,0.48,1.07E+00,0.48,-2.97E+01
96,0.485,1.07E+00,0.485,-2.97E+01
97,0.49,1.07E+00,0.49,-2.97E+01
98,0.495,1.07E+00,0.495,-2.97E+01
99,0.5,1.07E+00,0.5,-2.97E+01
100,0.505,1.07E+00,0.505,-2.97E+01
101,0.51,1.08E+00,0.51,-2.97E+01
102,0.515,1.08E+00,0.515,-2.97E+01
103,0.52,1.08E+00,0.52,-2.97E+01
104,0.525,1.08E+00,0.525,-2.97E+01
105,0.53,1.08E+00,0.53,-2.97E+01
106,0.535,1.08E+00,0.535,-2.97E+01
107,0.54,1.08E+00,0.54,-2.97E+01
108,0.545,1.08E+00,0.545,-2.97E+01
109,0.55,1.08E+00,0.55,-2.97E+01
110,0.555,1.08E+00,0.555,-2.97E+01
111,0.56,1.08E+00,0.56,-2.97E+01
112,0.565,1.08E+00,0.565,-2.97E+01
113,0.57,1.08E+00,0.57,-2.97E+01
114,0.575,1.08E+00,0.575,-2.97E+01
115,0.58,1.08E+00,0.58,-2.97E+01
116,0.585,1.08E+00,0.585,-2.97E+01
117,0.59,1.08E+00,0.59,-2.97E+01
118,0.595,1.08E+00,0.595,-2.97E+01
119,0.6,1.08E+00,0.6,-2.97E+01
120,0.605,1.08E+00,0.605,-2.97E+01
121,0.61,1.08E+00,0.61,-2.97E+01
122,0.615,1.08E+00,0.615,-2.97E+01
123,0.62,1.09E+00,0.62,-2.97E+01
124,0.625,1.09E+00,0.625,-2.97E+01
125,0.63,1.09E+00,0.63,-2.97E+01
126,0.635,1.09E+00,0.635,-2.97E+01
127,0.64,1.10E+00,0.64,-2.97E+01
128,0.645,1.10E+00,0.645,-2.97E+01
129,0.65,1.10E+00,0.65,-2.97E+01
130,0.655,1.10E+00,0.655,-2.97E+01
131,0.66,1.09E+00,0.66,-2.97E+01
132,0.665,1.09E+00,0.665,-2.97E+01
133,0.67,1.09E+00,0.67,-2.97E+01
134,0.675,1.09E+00,0.675,-2.97E+01
135,0.68,1.09E+00,0.68,-2.97E+01
136,0.685,1.09E+00,0.685,-2.97E+01
137,0.69,1.09E+00,0.69,-2.97E+01
138,0.695,1.09E+00,0.695,-2.97E+01
139,0.7,1.09E+00,0.7,-2.97E+01
140,0.705,1.09E+00,0.705,-2.97E+01
141,0.71,1.09E+00,0.71,-2.97E+01
142,0.715,1.09E+00,0.715,-2.97E+01
143,0.72,1.10E+00,0.72,-2.98E+01
144,0.725,1.10E+00,0.725,-2.98E+01
145,0.73,1.10E+00,0.73,-2.98E+01
146,0.735,1.10E+00,0.735,-2.98E+01
147,0.74,1.11E+00,0.74,-2.98E+01
148,0.745,1.11E+00,0.745,-2.98E+01
149,0.75,1.11E+00,0.75,-2.98E+01
150,0.755,1.11E+00,0.755,-2.98E+01
151,0.76,1.11E+00,0.76,-2.98E+01
152,0.765,1.11E+00,0.765,-2.98E+01
153,0.77,1.11E+00,0.77,-2.98E+01
154,0.775,1.11E+00,0.775,-2.98E+01
155,0.78,1.10E+00,0.78,-2.98E+01
156,0.785,1.10E+00,0.785,-2.98E+01
157,0.79,1.10E+00,0.79,-2.98E+01
158,0.795,1.10E+00,0.795,-2.98E+01
159,0.8,1.10E+00,0.8,-2.98E+01
160,0.805,1.10E+00,0.805,-2.98E+01
161,0.81,1.10E+00,0.81,-2.98E+01
162,0.815,1.10E+00,0.815,-2.98E+01
163,0.82,1.10E+00,0.82,-2.98E+01
164,0.825,1.11E+00,0.825,-2.98E+01
165,0.83,1.11E+00,0.83,-2.98E+01
166,0.835,1.11E+00,0.835,-2.98E+01
167,0.84,1.11E+00,0.84,-2.98E+01
168,0.845,1.11E+00,0.845,-2.98E+01
169,0.85,1.12E+00,0.85,-2.98E+01
170,0.855,1.12E+00,0.855,-2.98E+01
171,0.86,1.12E+00,0.86,-2.98E+01
172,0.865,1.12E+00,0.865,-2.98E+01
173,0.87,1.12E+00,0.87,-2.98E+01
174,0.875,1.12E+00,0.875,-2.98E+01
175,0.88,1.12E+00,0.88,-2.98E+01
176,0.885,1.11E+00,0.885,-2.98E+01
177,0.89,1.11E+00,0.89,-2.98E+01
178,0.895,1.11E+00,0.895,-2.98E+01
179,0.9,1.11E+00,0.9,-2.98E+01
180,0.905,1.11E+00,0.905,-2.98E+01
181,0.91,1.11E+00,0.91,-2.98E+01
182,0.915,1.11E+00,0.915,-2.98E+01
183,0.92,1.11E+00,0.92,-2.98E+01
184,0.925,1.11E+00,0.925,-2.98E+01
185,0.93,1.11E+00,0.93,-2.98E+01
186,0.935,1.12E+00,0.935,-2.98E+01
187,0.94,1.12E+00,0.94,-2.98E+01
188,0.945,1.12E+00,0.945,-2.98E+01
189,0.95,1.12E+00,0.95,-2.98E+01
190,0.955,1.12E+00,0.955,-2.98E+01
191,0.96,1.13E+00,0.96,-2.98E+01
192,0.965,1.13E+00,0.965,-2.98E+01
193,0.97,1.13E+00,0.97,-2.98E+01
194,0.975,1.13E+00,0.975,-2.98E+01
195,0.98,1.13E+00,0.98,-2.98E+01
196,0.985,1.13E+00,0.985,-2.98E+01
197,0.99,1.13E+00,0.99,-2.99E+01
198,0.995,1.12E+00,0.995,-2.99E+01
199,1,1.12E+00,1,-2.99E+01
200,1.005,1.12E+00,1.005,-2.99E+01
201,1.01,1.12E+00,1.01,-2.99E+01
202,1.015,1.12E+00,1.015,-2.99E+01
203,1.02,1.12E+00,1.02,-2.99E+01
204,1.025,1.12E+00,1.025,-2.99E+01
205,1.03,1.12E+00,1.03,-2.99E+01
206,1.035,1.12E+00,1.035,-2.99E+01
207,1.04,1.12E+00,1.04,-2.99E+01
208,1.045,1.13E+00,1.045,-2.99E+01
209,1.05,1.13E+00,1.05,-2.99E+01
210,1.055,1.13E+00,1.055,-2.99E+01
211,1.06,1.13E+00,1.06,-2.99E+01
212,1.065,1.13E+00,1.065,-2.99E+01
213,1.07,1.14E+00,1.07,-2.99E+01
214,1.075,1.14E+00,1.075,-2.99E+01
215,1.08,1.14E+00,1.08,-2.99E+01
216,1.085,1.14E+00,1.085,-2.99E+01
217,1.09,1.14E+00,1.09,-2.99E+01
218,1.095,1.13E+00,1.095,-2.99E+01
219,1.1,1.13E+00,1.1,-2.99E+01
220,1.105,1.13E+00,1.105,-2.99E+01
221,1.11,1.13E+00,1.11,-2.99E+01
222,1.115,1.13E+00,1.115,-2.99E+01
223,1.12,1.13E+00,1.12,-2.99E+01
224,1.125,1.13E+00,1.125,-2.99E+01
225,1.13,1.13E+00,1.13,-2.99E+01
226,1.135,1.13E+00,1.135,-2.99E+01
227,1.14,1.13E+00,1.14,-2.99E+01
228,1.145,1.13E+00,1.145,-2.99E+01
229,1.15,1.13E+00,1.15,-2.99E+01
230,1.155,1.13E+00,1.155,-2.99E+01
231,1.16,1.14E+00,1.16,-2.99E+01
232,1.165,1.14E+00,1.165,-2.99E+01
233,1.17,1.14E+00,1.17,-2.99E+01
234,1.175,1.14E+00,1.175,-2.99E+01
235,1.18,1.14E+00,1.18,-2.99E+01
236,1.185,1.14E+00,1.185,-2.99E+01
237,1.19,1.14E+00,1.19,-2.99E+01
238,1.195,1.14E+00,1.195,-2.99E+01
239,1.2,1.14E+00,1.2,-2.99E+01
240,1.205,1.14E+00,1.205,-2.99E+01
241,1.21,1.14E+00,1.21,-2.99E+01
242,1.215,1.14E+00,1.215,-2.99E+01
243,1.22,1.13E+00,1.22,-2.99E+01
244,1.225,1.13E+00,1.225,-2.99E+01
245,1.23,1.13E+00,1.23,-2.99E+01
246,1.235,1.13E+00,1.235,-2.99E+01
247,1.24,1.13E+00,1.24,-2.99E+01
248,1.245,1.13E+00,1.245,-2.99E+01
249,1.25,1.14E+00,1.25,-2.99E+01
250,1.255,1.14E+00,1.255,-2.99E+01
251,1.26,1.14E+00,1.26,-2.99E+01
252,1.265,1.14E+00,1.265,-2.99E+01
253,1.27,1.15E+00,1.27,-2.99E+01
254,1.275,1.15E+00,1.275,-2.99E+01
255,1.28,1.15E+00,1.28,-2.99E+01
256,1.285,1.15E+00,1.285,-2.99E+01
257,1.29,1.15E+00,1.29,-2.99E+01
258,1.295,1.15E+00,1.295,-2.99E+01
259,1.3,1.15E+00,1.3,-2.99E+01
260,1.305,1.15E+00,1.305,-2.99E+01
261,1.31,1.15E+00,1.31,-2.99E+01
262,1.315,1.15E+00,1.315,-2.99E+01
263,1.32,1.14E+00,1.32,-2.99E+01
264,1.325,1.14E+00,1.325,-2.99E+01
265,1.33,1.14E+00,1.33,-3.00E+01
266,1.335,1.14E+00,1.335,-3.00E+01
267,1.34,1.14E+00,1.34,-3.00E+01
268,1.345,1.14E+00,1.345,-3.00E+01
269,1.35,1.14E+00,1.35,-3.00E+01
270,1.355,1.14E+00,1.355,-3.00E+01
271,1.36,1.14E+00,1.36,-3.00E+01
272,1.365,1.15E+00,1.365,-3.00E+01
273,1.37,1.15E+00,1.37,-3.00E+01
274,1.375,1.15E+00,1.375,-3.00E+01
275,1.38,1.16E+00,1.38,-3.00E+01
276,1.385,1.16E+00,1.385,-3.00E+01
277,1.39,1.16E+00,1.39,-3.00E+01
278,1.395,1.16E+00,1.395,-3.00E+01
279,1.4,1.16E+00,1.4,-3.00E+01
280,1.405,1.16E+00,1.405,-3.00E+01
281,1.41,1.15E+00,1.41,-3.00E+01
282,1.415,1.15E+00,1.415,-3.00E+01
283,1.42,1.15E+00,1.42,-3.00E+01
284,1.425,1.15E+00,1.425,-3.00E+01
285,1.43,1.14E+00,1.43,-3.00E+01
286,1.435,1.14E+00,1.435,-3.00E+01
287,1.44,1.14E+00,1.44,-3.00E+01
288,1.445,1.14E+00,1.445,-3.00E+01
289,1.45,1.14E+00,1.45,-3.00E+01
290,1.455,1.14E+00,1.455,-3.00E+01
291,1.46,1.15E+00,1.46,-3.00E+01
292,1.465,1.15E+00,1.465,-3.00E+01
293,1.47,1.15E+00,1.47,-3.00E+01
294,1.475,1.16E+00,1.475,-3.00E+01
295,1.48,1.16E+00,1.48,-3.00E+01
296,1.485,1.17E+00,1.485,-3.00E+01
297,1.49,1.17E+00,1.49,-3.00E+01
298,1.495,1.17E+00,1.495,-3.00E+01
299,1.5,1.17E+00,1.5,-3.00E+01
300,1.505,1.17E+00,1.505,-3.00E+01
301,1.51,1.17E+00,1.51,-3.00E+01
302,1.515,1.16E+00,1.515,-3.00E+01
303,1.52,1.16E+00,1.52,-3.00E+01
304,1.525,1.16E+00,1.525,-3.00E+01
305,1.53,1.16E+00,1.53,-3.00E+01
306,1.535,1.15E+00,1.535,-3.00E+01
307,1.54,1.15E+00,1.54,-3.00E+01
308,1.545,1.15E+00,1.545,-3.00E+01
309,1.55,1.15E+00,1.55,-3.00E+01
310,1.555,1.15E+00,1.555,-3.00E+01
311,1.56,1.15E+00,1.56,-3.00E+01
312,1.565,1.16E+00,1.565,-3.00E+01
313,1.57,1.16E+00,1.57,-3.00E+01
314,1.575,1.16E+00,1.575,-3.00E+01
315,1.58,1.17E+00,1.58,-3.00E+01
316,1.585,1.17E+00,1.585,-3.00E+01
317,1.59,1.17E+00,1.59,-3.00E+01
318,1.595,1.17E+00,1.595,-3.00E+01
319,1.6,1.18E+00,1.6,-3.00E+01
320,1.605,1.18E+00,1.605,-3.00E+01
321,1.61,1.18E+00,1.61,-3.00E+01
322,1.615,1.18E+00,1.615,-3.00E+01
323,1.62,1.17E+00,1.62,-3.00E+01
324,1.625,1.17E+00,1.625,-3.00E+01
325,1.63,1.17E+00,1.63,-3.00E+01
326,1.635,1.16E+00,1.635,-3.00E+01
327,1.64,1.16E+00,1.64,-3.00E+01
328,1.645,1.16E+00,1.645,-3.00E+01
329,1.65,1.16E+00,1.65,-3.00E+01
330,1.655,1.16E+00,1.655,-3.00E+01
331,1.66,1.16E+00,1.66,-3.00E+01
332,1.665,1.16E+00,1.665,-3.00E+01
333,1.67,1.17E+00,1.67,-3.00E+01
334,1.675,1.17E+00,1.675,-3.00E+01
335,1.68,1.17E+00,1.68,-3.00E+01
336,1.685,1.18E+00,1.685,-3.00E+01
337,1.69,1.18E+00,1.69,-3.00E+01
338,1.695,1.19E+00,1.695,-3.00E+01
339,1.7,1.19E+00,1.7,-3.00E+01
340,1.705,1.19E+00,1.705,-3.00E+01
341,1.71,1.19E+00,1.71,-3.00E+01
342,1.715,1.19E+00,1.715,-3.00E+01
343,1.72,1.19E+00,1.72,-3.00E+01
344,1.725,1.19E+00,1.725,-3.00E+01
345,1.73,1.18E+00,1.73,-3.00E+01
346,1.735,1.18E+00,1.735,-3.00E+01
347,1.74,1.18E+00,1.74,-3.00E+01
348,1.745,1.18E+00,1.745,-3.00E+01
349,1.75,1.17E+00,1.75,-3.00E+01
350,1.755,1.17E+00,1.755,-3.00E+01
351,1.76,1.17E+00,1.76,-3.00E+01
352,1.765,1.17E+00,1.765,-3.00E+01
353,1.77,1.17E+00,1.77,-3.00E+01
354,1.775,1.18E+00,1.775,-3.00E+01
355,1.78,1.18E+00,1.78,-3.00E+01
356,1.785,1.18E+00,1.785,-3.00E+01
357,1.79,1.19E+00,1.79,-3.00E+01
358,1.795,1.19E+00,1.795,-3.00E+01
359,1.8,1.20E+00,1.8,-3.00E+01
360,1.805,1.20E+00,1.805,-3.00E+01
361,1.81,1.20E+00,1.81,-3.00E+01
362,1.815,1.20E+00,1.815,-3.00E+01
363,1.82,1.20E+00,1.82,-3.00E+01
364,1.825,1.20E+00,1.825,-3.00E+01
365,1.83,1.20E+00,1.83,-3.00E+01
366,1.835,1.20E+00,1.835,-3.00E+01
367,1.84,1.19E+00,1.84,-3.00E+01
368,1.845,1.19E+00,1.845,-3.00E+01
369,1.85,1.19E+00,1.85,-3.00E+01
370,1.855,1.18E+00,1.855,-3.00E+01
371,1.86,1.18E+00,1.86,-3.00E+01
372,1.865,1.18E+00,1.865,-3.00E+01
373,1.87,1.18E+00,1.87,-3.00E+01
374,1.875,1.18E+00,1.875,-3.00E+01
375,1.88,1.19E+00,1.88,-3.00E+01
376,1.885,1.19E+00,1.885,-3.00E+01
377,1.89,1.19E+00,1.89,-3.01E+01
378,1.895,1.20E+00,1.895,-3.00E+01
379,1.9,1.20E+00,1.9,-3.00E+01
380,1.905,1.21E+00,1.905,-3.00E+01
381,1.91,1.21E+00,1.91,-3.00E+01
382,1.915,1.21E+00,1.915,-3.01E+01
383,1.92,1.22E+00,1.92,-3.00E+01
384,1.925,1.22E+00,1.925,-3.01E+01
385,1.93,1.22E+00,1.93,-3.01E+01
386,1.935,1.21E+00,1.935,-3.01E+01
387,1.94,1.21E+00,1.94,-3.01E+01
388,1.945,1.21E+00,1.945,-3.01E+01
389,1.95,1.20E+00,1.95,-3.01E+01
390,1.955,1.20E+00,1.955,-3.01E+01
391,1.96,1.20E+00,1.96,-3.01E+01
392,1.965,1.20E+00,1.965,-3.00E+01
393,1.97,1.19E+00,1.97,-3.01E+01
394,1.975,1.19E+00,1.975,-3.01E+01
395,1.98,1.20E+00,1.98,-3.01E+01
396,1.985,1.20E+00,1.985,-3.01E+01
397,1.99,1.20E+00,1.99,-3.01E+01
398,1.995,1.21E+00,1.995,-3.01E+01
399,2,1.21E+00,2,-3.01E+01
400,2.005,1.22E+00,2.005,-3.01E+01
401,2.01,1.22E+00,2.01,-3.01E+01
402,2.015,1.22E+00,2.015,-3.01E+01
403,2.02,1.23E+00,2.02,-3.01E+01
404,2.025,1.23E+00,2.025,-3.01E+01
405,2.03,1.23E+00,2.03,-3.01E+01
406,2.035,1.23E+00,2.035,-3.01E+01
407,2.04,1.23E+00,2.04,-3.01E+01
408,2.045,1.23E+00,2.045,-3.01E+01
409,2.05,1.22E+00,2.05,-3.00E+01
410,2.055,1.22E+00,2.055,-3.01E+01
411,2.06,1.21E+00,2.06,-3.01E+01
412,2.065,1.21E+00,2.065,-3.01E+01
413,2.07,1.21E+00,2.07,-3.01E+01
414,2.075,1.21E+00,2.075,-3.01E+01
415,2.08,1.21E+00,2.08,-3.01E+01
416,2.085,1.21E+00,2.085,-3.01E+01
417,2.09,1.21E+00,2.09,-3.01E+01
418,2.095,1.21E+00,2.095,-3.01E+01
419,2.1,1.22E+00,2.1,-3.01E+01
420,2.105,1.22E+00,2.105,-3.01E+01
421,2.11,1.22E+00,2.11,-3.01E+01
422,2.115,1.23E+00,2.115,-3.01E+01
423,2.12,1.23E+00,2.12,-3.01E+01
424,2.125,1.23E+00,2.125,-3.01E+01
425,2.13,1.23E+00,2.13,-3.01E+01
426,2.135,1.23E+00,2.135,-3.01E+01
427,2.14,1.24E+00,2.14,-3.01E+01
428,2.145,1.24E+00,2.145,-3.01E+01
429,2.15,1.25E+00,2.15,-3.01E+01
430,2.155,1.24E+00,2.155,-3.01E+01
431,2.16,1.23E+00,2.16,-3.01E+01
432,2.165,1.22E+00,2.165,-3.01E+01
433,2.17,1.22E+00,2.17,-3.01E+01
434,2.175,1.22E+00,2.175,-3.01E+01
435,2.18,1.21E+00,2.18,-3.01E+01
436,2.185,1.21E+00,2.185,-3.01E+01
437,2.19,1.21E+00,2.19,-3.01E+01
438,2.195,1.21E+00,2.195,-3.01E+01
439,2.2,1.22E+00,2.2,-3.01E+01
440,2.205,1.22E+00,2.205,-3.01E+01
441,2.21,1.23E+00,2.21,-3.01E+01
442,2.215,1.23E+00,2.215,-3.01E+01
443,2.22,1.24E+00,2.22,-3.01E+01
444,2.225,1.24E+00,2.225,-3.01E+01
445,2.23,1.24E+00,2.23,-3.01E+01
446,2.235,1.25E+00,2.235,-3.01E+01
447,2.24,1.25E+00,2.24,-3.01E+01
448,2.245,1.25E+00,2.245,-3.01E+01
449,2.25,1.25E+00,2.25,-3.01E+01
450,2.255,1.25E+00,2.255,-3.01E+01
451,2.26,1.24E+00,2.26,-3.01E+01
452,2.265,1.24E+00,2.265,-3.01E+01
453,2.27,1.23E+00,2.27,-3.01E+01
454,2.275,1.23E+00,2.275,-3.01E+01
455,2.28,1.23E+00,2.28,-3.01E+01
456,2.285,1.22E+00,2.285,-3.01E+01
457,2.29,1.22E+00,2.29,-3.01E+01
458,2.295,1.22E+00,2.295,-3.01E+01
459,2.3,1.23E+00,2.3,-3.01E+01
460,2.305,1.23E+00,2.305,-3.00E+01
461,2.31,1.23E+00,2.31,-3.01E+01
462,2.315,1.24E+00,2.315,-3.01E+01
463,2.32,1.24E+00,2.32,-3.01E+01
464,2.325,1.25E+00,2.325,-3.01E+01
465,2.33,1.25E+00,2.33,-3.01E+01
466,2.335,1.25E+00,2.335,-3.01E+01
467,2.34,1.26E+00,2.34,-3.01E+01
468,2.345,1.26E+00,2.345,-3.01E+01
469,2.35,1.26E+00,2.35,-3.01E+01
470,2.355,1.26E+00,2.355,-3.01E+01
471,2.36,1.25E+00,2.36,-3.01E+01
472,2.365,1.25E+00,2.365,-3.01E+01
473,2.37,1.25E+00,2.37,-3.01E+01
474,2.375,1.24E+00,2.375,-3.01E+01
475,2.38,1.24E+00,2.38,-3.01E+01
476,2.385,1.23E+00,2.385,-3.01E+01
477,2.39,1.23E+00,2.39,-3.01E+01
478,2.395,1.23E+00,2.395,-3.01E+01
479,2.4,1.23E+00,2.4,-3.01E+01
480,2.405,1.23E+00,2.405,-3.01E+01
481,2.41,1.23E+00,2.41,-3.01E+01
482,2.415,1.23E+00,2.415,-3.01E+01
483,2.42,1.24E+00,2.42,-3.01E+01
484,2.425,1.24E+00,2.425,-3.01E+01
485,2.43,1.25E+00,2.43,-3.01E+01
486,2.435,1.25E+00,2.435,-3.01E+01
487,2.44,1.25E+00,2.44,-3.01E+01
488,2.445,1.26E+00,2.445,-3.01E+01
489,2.45,1.26E+00,2.45,-3.01E+01
490,2.455,1.26E+00,2.455,-3.01E+01
491,2.46,1.26E+00,2.46,-3.01E+01
492,2.465,1.26E+00,2.465,-3.01E+01
493,2.47,1.25E+00,2.47,-3.01E+01
494,2.475,1.25E+00,2.475,-3.01E+01
495,2.48,1.25E+00,2.48,-3.01E+01
496,2.485,1.24E+00,2.485,-3.01E+01
497,2.49,1.24E+00,2.49,-3.01E+01
498,2.495,1.24E+00,2.495,-3.01E+01
499,2.5,1.24E+00,2.5,-3.01E+01
500,2.505,1.24E+00,2.505,-3.01E+01
501,2.51,1.24E+00,2.51,-3.01E+01
502,2.515,1.24E+00,2.515,-3.01E+01
503,2.52,1.24E+00,2.52,-3.01E+01
504,2.525,1.25E+00,2.525,-3.01E+01
505,2.53,1.25E+00,2.53,-3.01E+01
506,2.535,1.25E+00,2.535,-3.01E+01
507,2.54,1.26E+00,2.54,-3.01E+01
508,2.545,1.26E+00,2.545,-3.01E+01
509,2.55,1.26E+00,2.55,-3.01E+01
510,2.555,1.27E+00,2.555,-3.01E+01
511,2.56,1.27E+00,2.56,-3.01E+01
512,2.565,1.26E+00,2.565,-3.01E+01
513,2.57,1.26E+00,2.57,-3.01E+01
514,2.575,1.26E+00,2.575,-3.01E+01
515,2.58,1.26E+00,2.58,-3.01E+01
516,2.585,1.25E+00,2.585,-3.01E+01
517,2.59,1.25E+00,2.59,-3.01E+01
518,2.595,1.24E+00,2.595,-3.01E+01
519,2.6,1.24E+00,2.6,-3.01E+01
520,2.605,1.24E+00,2.605,-3.01E+01
521,2.61,1.24E+00,2.61,-3.01E+01
522,2.615,1.24E+00,2.615,-3.01E+01
523,2.62,1.24E+00,2.62,-3.01E+01
524,2.625,1.24E+00,2.625,-3.01E+01
525,2.63,1.24E+00,2.63,-3.01E+01
526,2.635,1.25E+00,2.635,-3.01E+01
527,2.64,1.25E+00,2.64,-3.01E+01
528,2.645,1.26E+00,2.645,-3.01E+01
529,2.65,1.26E+00,2.65,-3.01E+01
530,2.655,1.26E+00,2.655,-3.01E+01
531,2.66,1.26E+00,2.66,-3.01E+01
532,2.665,1.26E+00,2.665,-3.01E+01
533,2.67,1.26E+00,2.67,-3.01E+01
534,2.675,1.26E+00,2.675,-3.01E+01
535,2.68,1.26E+00,2.68,-3.01E+01
536,2.685,1.25E+00,2.685,-3.01E+01
537,2.69,1.25E+00,2.69,-3.01E+01
538,2.695,1.24E+00,2.695,-3.01E+01
539,2.7,1.24E+00,2.7,-3.01E+01
540,2.705,1.24E+00,2.705,-3.01E+01
541,2.71,1.24E+00,2.71,-3.01E+01
542,2.715,1.23E+00,2.715,-3.01E+01
543,2.72,1.23E+00,2.72,-3.01E+01
544,2.725,1.24E+00,2.725,-3.01E+01
545,2.73,1.24E+00,2.73,-3.01E+01
546,2.735,1.24E+00,2.735,-3.01E+01
547,2.74,1.25E+00,2.74,-3.01E+01
548,2.745,1.25E+00,2.745,-3.01E+01
549,2.75,1.26E+00,2.75,-3.01E+01
550,2.755,1.26E+00,2.755,-3.01E+01
551,2.76,1.26E+00,2.76,-3.01E+01
552,2.765,1.26E+00,2.765,-3.01E+01
553,2.77,1.27E+00,2.77,-3.01E+01
554,2.775,1.27E+00,2.775,-3.01E+01
555,2.78,1.27E+00,2.78,-3.01E+01
556,2.785,1.26E+00,2.785,-3.01E+01
557,2.79,1.26E+00,2.79,-3.01E+01
558,2.795,1.26E+00,2.795,-3.01E+01
559,2.8,1.25E+00,2.8,-3.02E+01
560,2.805,1.25E+00,2.805,-3.02E+01
561,2.81,1.25E+00,2.81,-3.02E+01
562,2.815,1.24E+00,2.815,-3.02E+01
563,2.82,1.24E+00,2.82,-3.02E+01
564,2.825,1.24E+00,2.825,-3.02E+01
565,2.83,1.25E+00,2.83,-3.02E+01
566,2.835,1.25E+00,2.835,-3.02E+01
567,2.84,1.26E+00,2.84,-3.02E+01
568,2.845,1.27E+00,2.845,-3.02E+01
569,2.85,1.27E+00,2.85,-3.02E+01
570,2.855,1.28E+00,2.855,-3.02E+01
571,2.86,1.28E+00,2.86,-3.02E+01
572,2.865,1.29E+00,2.865,-3.02E+01
573,2.87,1.29E+00,2.87,-3.02E+01
574,2.875,1.29E+00,2.875,-3.02E+01
575,2.88,1.29E+00,2.88,-3.02E+01
576,2.885,1.28E+00,2.885,-3.02E+01
577,2.89,1.28E+00,2.89,-3.02E+01
578,2.895,1.28E+00,2.895,-3.02E+01
579,2.9,1.28E+00,2.9,-3.02E+01
580,2.905,1.27E+00,2.905,-3.02E+01
581,2.91,1.27E+00,2.91,-3.02E+01
582,2.915,1.26E+00,2.915,-3.02E+01
583,2.92,1.26E+00,2.92,-3.02E+01
584,2.925,1.26E+00,2.925,-3.02E+01
585,2.93,1.25E+00,2.93,-3.01E+01
586,2.935,1.25E+00,2.935,-3.01E+01
587,2.94,1.26E+00,2.94,-3.01E+01
588,2.945,1.26E+00,2.945,-3.01E+01
589,2.95,1.26E+00,2.95,-3.01E+01
590,2.955,1.27E+00,2.955,-3.01E+01
591,2.96,1.27E+00,2.96,-3.01E+01
592,2.965,1.27E+00,2.965,-3.01E+01
593,2.97,1.27E+00,2.97,-3.01E+01
594,2.975,1.27E+00,2.975,-3.01E+01
595,2.98,1.27E+00,2.98,-3.01E+01
596,2.985,1.27E+00,2.985,-3.01E+01
597,2.99,1.27E+00,2.99,-3.01E+01
598,2.995,1.26E+00,2.995,-3.01E+01
599,3,1.26E+00,3,-3.01E+01
600,3.005,1.25E+00,3.005,-3.01E+01
601,3.01,1.25E+00,3.01,-3.01E+01
602,3.015,1.24E+00,3.015,-3.01E+01
603,3.02,1.24E+00,3.02,-3.01E+01
604,3.025,1.23E+00,3.025,-3.01E+01
605,3.03,1.23E+00,3.03,-3.01E+01
606,3.035,1.23E+00,3.035,-3.01E+01
607,3.04,1.23E+00,3.04,-3.01E+01
608,3.045,1.23E+00,3.045,-3.01E+01
609,3.05,1.24E+00,3.05,-3.01E+01
610,3.055,1.24E+00,3.055,-3.01E+01
611,3.06,1.24E+00,3.06,-3.01E+01
612,3.065,1.25E+00,3.065,-3.01E+01
613,3.07,1.25E+00,3.07,-3.01E+01
614,3.075,1.25E+00,3.075,-3.01E+01
615,3.08,1.25E+00,3.08,-3.01E+01
616,3.085,1.25E+00,3.085,-3.01E+01
617,3.09,1.25E+00,3.09,-3.01E+01
618,3.095,1.25E+00,3.095,-3.01E+01
619,3.1,1.24E+00,3.1,-3.01E+01
620,3.105,1.24E+00,3.105,-3.01E+01
621,3.11,1.23E+00,3.11,-3.01E+01
622,3.115,1.22E+00,3.115,-3.01E+01
623,3.12,1.22E+00,3.12,-3.01E+01
624,3.125,1.21E+00,3.125,-3.01E+01
625,3.13,1.21E+00,3.13,-3.01E+01
626,3.135,1.20E+00,3.135,-3.01E+01
627,3.14,1.20E+00,3.14,-3.01E+01
628,3.145,1.20E+00,3.145,-3.01E+01
629,3.15,1.21E+00,3.15,-3.01E+01
630,3.155,1.21E+00,3.155,-3.02E+01
631,3.16,1.21E+00,3.16,-3.02E+01
632,3.165,1.22E+00,3.165,-3.02E+01
633,3.17,1.22E+00,3.17,-3.02E+01
634,3.175,1.23E+00,3.175,-3.02E+01
635,3.18,1.23E+00,3.18,-3.02E+01
636,3.185,1.23E+00,3.185,-3.02E+01
637,3.19,1.23E+00,3.19,-3.02E+01
638,3.195,1.23E+00,3.195,-3.02E+01
639,3.2,1.23E+00,3.2,-3.02E+01
640,3.205,1.23E+00,3.205,-3.02E+01
641,3.21,1.22E+00,3.21,-3.02E+01
642,3.215,1.22E+00,3.215,-3.02E+01
643,3.22,1.21E+00,3.22,-3.02E+01
644,3.225,1.21E+00,3.225,-3.02E+01
645,3.23,1.20E+00,3.23,-3.02E+01
646,3.235,1.20E+00,3.235,-3.02E+01
647,3.24,1.20E+00,3.24,-3.02E+01
648,3.245,1.20E+00,3.245,-3.02E+01
649,3.25,1.20E+00,3.25,-3.02E+01
650,3.255,1.20E+00,3.255,-3.02E+01
651,3.26,1.20E+00,3.26,-3.02E+01
652,3.265,1.20E+00,3.265,-3.02E+01
653,3.27,1.21E+00,3.27,-3.02E+01
654,3.275,1.21E+00,3.275,-3.02E+01
655,3.28,1.21E+00,3.28,-3.02E+01
656,3.285,1.21E+00,3.285,-3.02E+01
657,3.29,1.21E+00,3.29,-3.02E+01
658,3.295,1.21E+00,3.295,-3.01E+01
659,3.3,1.21E+00,3.3,-3.01E+01
660,3.305,1.21E+00,3.305,-3.01E+01
661,3.31,1.20E+00,3.31,-3.01E+01
662,3.315,1.20E+00,3.315,-3.01E+01
663,3.32,1.19E+00,3.32,-3.01E+01
664,3.325,1.18E+00,3.325,-3.01E+01
665,3.33,1.17E+00,3.33,-3.01E+01
666,3.335,1.17E+00,3.335,-3.01E+01
667,3.34,1.16E+00,3.34,-3.01E+01
668,3.345,1.16E+00,3.345,-3.01E+01
669,3.35,1.16E+00,3.35,-3.01E+01
670,3.355,1.16E+00,3.355,-3.01E+01
671,3.36,1.16E+00,3.36,-3.01E+01
672,3.365,1.16E+00,3.365,-3.01E+01
673,3.37,1.16E+00,3.37,-3.01E+01
674,3.375,1.17E+00,3.375,-3.01E+01
675,3.38,1.17E+00,3.38,-3.01E+01
676,3.385,1.17E+00,3.385,-3.01E+01
677,3.39,1.17E+00,3.39,-3.01E+01
678,3.395,1.18E+00,3.395,-3.01E+01
679,3.4,1.18E+00,3.4,-3.01E+01
680,3.405,1.17E+00,3.405,-3.01E+01
681,3.41,1.17E+00,3.41,-3.01E+01
682,3.415,1.17E+00,3.415,-3.01E+01
683,3.42,1.16E+00,3.42,-3.01E+01
684,3.425,1.15E+00,3.425,-3.01E+01
685,3.43,1.15E+00,3.43,-3.01E+01
686,3.435,1.14E+00,3.435,-3.01E+01
687,3.44,1.13E+00,3.44,-3.01E+01
688,3.445,1.13E+00,3.445,-3.01E+01
689,3.45,1.12E+00,3.45,-3.01E+01
690,3.455,1.12E+00,3.455,-3.01E+01
691,3.46,1.11E+00,3.46,-3.01E+01
692,3.465,1.11E+00,3.465,-3.01E+01
693,3.47,1.11E+00,3.47,-3.01E+01
694,3.475,1.12E+00,3.475,-3.01E+01
695,3.48,1.12E+00,3.48,-3.01E+01
696,3.485,1.12E+00,3.485,-3.01E+01
697,3.49,1.12E+00,3.49,-3.01E+01
698,3.495,1.13E+00,3.495,-3.01E+01
699,3.5,1.13E+00,3.5,-3.01E+01
700,3.505,1.13E+00,3.505,-3.01E+01
701,3.51,1.13E+00,3.51,-3.01E+01
702,3.515,1.12E+00,3.515,-3.01E+01
703,3.52,1.12E+00,3.52,-3.01E+01
704,3.525,1.11E+00,3.525,-3.01E+01
705,3.53,1.11E+00,3.53,-3.01E+01
706,3.535,1.10E+00,3.535,-3.01E+01
707,3.54,1.09E+00,3.54,-3.01E+01
708,3.545,1.09E+00,3.545,-3.01E+01
709,3.55,1.08E+00,3.55,-3.01E+01
710,3.555,1.08E+00,3.555,-3.01E+01
711,3.56,1.07E+00,3.56,-3.01E+01
712,3.565,1.07E+00,3.565,-3.01E+01
713,3.57,1.07E+00,3.57,-3.01E+01
714,3.575,1.07E+00,3.575,-3.01E+01
715,3.58,1.07E+00,3.58,-3.01E+01
716,3.585,1.08E+00,3.585,-3.01E+01
717,3.59,1.08E+00,3.59,-3.01E+01
718,3.595,1.08E+00,3.595,-3.01E+01
719,3.6,1.08E+00,3.6,-3.01E+01
720,3.605,1.08E+00,3.605,-3.01E+01
721,3.61,1.08E+00,3.61,-3.01E+01
722,3.615,1.08E+00,3.615,-3.01E+01
723,3.62,1.08E+00,3.62,-3.01E+01
724,3.625,1.08E+00,3.625,-3.01E+01
725,3.63,1.07E+00,3.63,-3.01E+01
726,3.635,1.07E+00,3.635,-3.01E+01
727,3.64,1.06E+00,3.64,-3.01E+01
728,3.645,1.06E+00,3.645,-3.01E+01
729,3.65,1.05E+00,3.65,-3.01E+01
730,3.655,1.05E+00,3.655,-3.01E+01
731,3.66,1.04E+00,3.66,-3.01E+01
732,3.665,1.04E+00,3.665,-3.01E+01
733,3.67,1.03E+00,3.67,-3.01E+01
734,3.675,1.03E+00,3.675,-3.01E+01
735,3.68,1.03E+00,3.68,-3.01E+01
736,3.685,1.03E+00,3.685,-3.01E+01
737,3.69,1.03E+00,3.69,-3.01E+01
738,3.695,1.03E+00,3.695,-3.01E+01
739,3.7,1.04E+00,3.7,-3.01E+01
740,3.705,1.04E+00,3.705,-3.01E+01
741,3.71,1.04E+00,3.71,-3.01E+01
742,3.715,1.04E+00,3.715,-3.01E+01
743,3.72,1.04E+00,3.72,-3.01E+01
744,3.725,1.04E+00,3.725,-3.01E+01
745,3.73,1.04E+00,3.73,-3.01E+01
746,3.735,1.04E+00,3.735,-3.01E+01
747,3.74,1.04E+00,3.74,-3.01E+01
748,3.745,1.04E+00,3.745,-3.01E+01
749,3.75,1.04E+00,3.75,-3.01E+01
750,3.755,1.04E+00,3.755,-3.01E+01
751,3.76,1.03E+00,3.76,-3.01E+01
752,3.765,1.03E+00,3.765,-3.01E+01
753,3.77,1.03E+00,3.77,-3.01E+01
754,3.775,1.02E+00,3.775,-3.01E+01
755,3.78,1.02E+00,3.78,-3.01E+01
756,3.785,1.02E+00,3.785,-3.02E+01
757,3.79,1.02E+00,3.79,-3.01E+01
758,3.795,1.01E+00,3.795,-3.02E+01
759,3.8,1.01E+00,3.8,-3.01E+01
760,3.805,1.01E+00,3.805,-3.02E+01
761,3.81,1.01E+00,3.81,-3.01E+01
762,3.815,1.02E+00,3.815,-3.02E+01
763,3.82,1.02E+00,3.82,-3.02E+01
764,3.825,1.02E+00,3.825,-3.02E+01
765,3.83,1.03E+00,3.83,-3.02E+01
766,3.835,1.03E+00,3.835,-3.02E+01
767,3.84,1.04E+00,3.84,-3.02E+01
768,3.845,1.04E+00,3.845,-3.02E+01
769,3.85,1.05E+00,3.85,-3.02E+01
770,3.855,1.05E+00,3.855,-3.02E+01
771,3.86,1.05E+00,3.86,-3.02E+01
772,3.865,1.06E+00,3.865,-3.02E+01
773,3.87,1.06E+00,3.87,-3.02E+01
774,3.875,1.06E+00,3.875,-3.02E+01
775,3.88,1.06E+00,3.88,-3.02E+01
776,3.885,1.06E+00,3.885,-3.02E+01
777,3.89,1.06E+00,3.89,-3.02E+01
778,3.895,1.05E+00,3.895,-3.02E+01
779,3.9,1.05E+00,3.9,-3.02E+01
780,3.905,1.05E+00,3.905,-3.02E+01
781,3.91,1.05E+00,3.91,-3.02E+01
782,3.915,1.04E+00,3.915,-3.02E+01
783,3.92,1.04E+00,3.92,-3.02E+01
784,3.925,1.04E+00,3.925,-3.02E+01
785,3.93,1.05E+00,3.93,-3.02E+01
786,3.935,1.05E+00,3.935,-3.02E+01
787,3.94,1.06E+00,3.94,-3.02E+01
788,3.945,1.06E+00,3.945,-3.02E+01
789,3.95,1.07E+00,3.95,-3.02E+01
790,3.955,1.07E+00,3.955,-3.02E+01
791,3.96,1.08E+00,3.96,-3.02E+01
792,3.965,1.08E+00,3.965,-3.02E+01
793,3.97,1.09E+00,3.97,-3.02E+01
794,3.975,1.09E+00,3.975,-3.02E+01
795,3.98,1.09E+00,3.98,-3.02E+01
796,3.985,1.09E+00,3.985,-3.02E+01
797,3.99,1.09E+00,3.99,-3.02E+01
798,3.995,1.09E+00,3.995,-3.02E+01
799,4,1.09E+00,4,-3.02E+01
800,4.005,1.08E+00,4.005,-3.02E+01
801,4.01,1.08E+00,4.01,-3.02E+01
802,4.015,1.08E+00,4.015,-3.02E+01
803,4.02,1.08E+00,4.02,-3.02E+01
804,4.025,1.08E+00,4.025,-3.02E+01
805,4.03,1.08E+00,4.03,-3.02E+01
806,4.035,1.08E+00,4.035,-3.02E+01
807,4.04,1.09E+00,4.04,-3.02E+01
808,4.045,1.09E+00,4.045,-3.02E+01
809,4.05,1.10E+00,4.05,-3.02E+01
810,4.055,1.10E+00,4.055,-3.02E+01
811,4.06,1.11E+00,4.06,-3.02E+01
812,4.065,1.11E+00,4.065,-3.02E+01
813,4.07,1.12E+00,4.07,-3.02E+01
814,4.075,1.12E+00,4.075,-3.02E+01
815,4.08,1.12E+00,4.08,-3.02E+01
816,4.085,1.13E+00,4.085,-3.02E+01
817,4.09,1.13E+00,4.09,-3.02E+01
818,4.095,1.13E+00,4.095,-3.02E+01
819,4.1,1.12E+00,4.1,-3.02E+01
820,4.105,1.12E+00,4.105,-3.02E+01
821,4.11,1.12E+00,4.11,-3.02E+01
822,4.115,1.12E+00,4.115,-3.02E+01
823,4.12,1.11E+00,4.12,-3.02E+01
824,4.125,1.11E+00,4.125,-3.02E+01
825,4.13,1.11E+00,4.13,-3.02E+01
826,4.135,1.11E+00,4.135,-3.02E+01
827,4.14,1.12E+00,4.14,-3.02E+01
828,4.145,1.12E+00,4.145,-3.02E+01
829,4.15,1.13E+00,4.15,-3.02E+01
830,4.155,1.14E+00,4.155,-3.02E+01
831,4.16,1.14E+00,4.16,-3.03E+01
832,4.165,1.15E+00,4.165,-3.02E+01
833,4.17,1.15E+00,4.17,-3.02E+01
834,4.175,1.16E+00,4.175,-3.02E+01
835,4.18,1.16E+00,4.18,-3.02E+01
836,4.185,1.16E+00,4.185,-3.03E+01
837,4.19,1.16E+00,4.19,-3.03E+01
838,4.195,1.16E+00,4.195,-3.03E+01
839,4.2,1.16E+00,4.2,-3.03E+01
840,4.205,1.16E+00,4.205,-3.03E+01
841,4.21,1.15E+00,4.21,-3.03E+01
842,4.215,1.15E+00,4.215,-3.03E+01
843,4.22,1.15E+00,4.22,-3.02E+01
844,4.225,1.15E+00,4.225,-3.03E+01
845,4.23,1.15E+00,4.23,-3.03E+01
846,4.235,1.16E+00,4.235,-3.03E+01
847,4.24,1.16E+00,4.24,-3.03E+01
848,4.245,1.16E+00,4.245,-3.03E+01
849,4.25,1.16E+00,4.25,-3.03E+01
850,4.255,1.16E+00,4.255,-3.03E+01
851,4.26,1.16E+00,4.26,-3.03E+01
852,4.265,1.17E+00,4.265,-3.03E+01
853,4.27,1.17E+00,4.27,-3.03E+01
854,4.275,1.17E+00,4.275,-3.03E+01
855,4.28,1.18E+00,4.28,-3.03E+01
856,4.285,1.19E+00,4.285,-3.03E+01
857,4.29,1.20E+00,4.29,-3.03E+01
858,4.295,1.20E+00,4.295,-3.03E+01
859,4.3,1.20E+00,4.3,-3.03E+01
860,4.305,1.19E+00,4.305,-3.03E+01
861,4.31,1.19E+00,4.31,-3.03E+01
862,4.315,1.18E+00,4.315,-3.03E+01
863,4.32,1.17E+00,4.32,-3.03E+01
864,4.325,1.17E+00,4.325,-3.03E+01
865,4.33,1.16E+00,4.33,-3.03E+01
866,4.335,1.15E+00,4.335,-3.03E+01
867,4.34,1.16E+00,4.34,-3.03E+01
868,4.345,1.18E+00,4.345,-3.03E+01
869,4.35,1.19E+00,4.35,-3.03E+01
870,4.355,1.19E+00,4.355,-3.03E+01
871,4.36,1.19E+00,4.36,-3.03E+01
872,4.365,1.19E+00,4.365,-3.03E+01
873,4.37,1.20E+00,4.37,-3.03E+01
874,4.375,1.20E+00,4.375,-3.03E+01
875,4.38,1.20E+00,4.38,-3.03E+01
876,4.385,1.21E+00,4.385,-3.03E+01
877,4.39,1.21E+00,4.39,-3.03E+01
878,4.395,1.21E+00,4.395,-3.03E+01
879,4.4,1.21E+00,4.4,-3.03E+01
880,4.405,1.21E+00,4.405,-3.03E+01
881,4.41,1.21E+00,4.41,-3.03E+01
882,4.415,1.21E+00,4.415,-3.03E+01
883,4.42,1.20E+00,4.42,-3.03E+01
884,4.425,1.20E+00,4.425,-3.03E+01
885,4.43,1.19E+00,4.43,-3.03E+01
886,4.435,1.19E+00,4.435,-3.03E+01
887,4.44,1.19E+00,4.44,-3.03E+01
888,4.445,1.19E+00,4.445,-3.03E+01
889,4.45,1.19E+00,4.45,-3.03E+01
890,4.455,1.20E+00,4.455,-3.03E+01
891,4.46,1.20E+00,4.46,-3.03E+01
892,4.465,1.20E+00,4.465,-3.03E+01
893,4.47,1.21E+00,4.47,-3.03E+01
894,4.475,1.21E+00,4.475,-3.03E+01
895,4.48,1.22E+00,4.48,-3.03E+01
896,4.485,1.22E+00,4.485,-3.03E+01
897,4.49,1.23E+00,4.49,-3.03E+01
898,4.495,1.23E+00,4.495,-3.03E+01
899,4.5,1.23E+00,4.5,-3.03E+01
900,4.505,1.23E+00,4.505,-3.03E+01
901,4.51,1.23E+00,4.51,-3.03E+01
902,4.515,1.23E+00,4.515,-3.03E+01
903,4.52,1.22E+00,4.52,-3.03E+01
904,4.525,1.22E+00,4.525,-3.03E+01
905,4.53,1.22E+00,4.53,-3.03E+01
906,4.535,1.21E+00,4.535,-3.03E+01
907,4.54,1.21E+00,4.54,-3.03E+01
908,4.545,1.21E+00,4.545,-3.03E+01
909,4.55,1.21E+00,4.55,-3.03E+01
910,4.555,1.21E+00,4.555,-3.03E+01
911,4.56,1.22E+00,4.56,-3.03E+01
912,4.565,1.22E+00,4.565,-3.03E+01
913,4.57,1.23E+00,4.57,-3.03E+01
914,4.575,1.23E+00,4.575,-3.04E+01
915,4.58,1.24E+00,4.58,-3.03E+01
916,4.585,1.24E+00,4.585,-3.03E+01
917,4.59,1.25E+00,4.59,-3.03E+01
918,4.595,1.25E+00,4.595,-3.04E+01
919,4.6,1.25E+00,4.6,-3.04E+01
920,4.605,1.25E+00,4.605,-3.04E+01
921,4.61,1.25E+00,4.61,-3.04E+01
922,4.615,1.25E+00,4.615,-3.03E+01
923,4.62,1.25E+00,4.62,-3.04E+01
924,4.625,1.24E+00,4.625,-3.04E+01
925,4.63,1.24E+00,4.63,-3.04E+01
926,4.635,1.24E+00,4.635,-3.04E+01
927,4.64,1.23E+00,4.64,-3.04E+01
928,4.645,1.23E+00,4.645,-3.04E+01
929,4.65,1.23E+00,4.65,-3.04E+01
930,4.655,1.23E+00,4.655,-3.04E+01
931,4.66,1.23E+00,4.66,-3.04E+01
932,4.665,1.23E+00,4.665,-3.04E+01
933,4.67,1.23E+00,4.67,-3.04E+01
934,4.675,1.23E+00,4.675,-3.04E+01
935,4.68,1.24E+00,4.68,-3.04E+01
936,4.685,1.24E+00,4.685,-3.04E+01
937,4.69,1.25E+00,4.69,-3.04E+01
938,4.695,1.25E+00,4.695,-3.04E+01
939,4.7,1.25E+00,4.7,-3.04E+01
940,4.705,1.25E+00,4.705,-3.04E+01
941,4.71,1.25E+00,4.71,-3.04E+01
942,4.715,1.25E+00,4.715,-3.04E+01
943,4.72,1.24E+00,4.72,-3.04E+01
944,4.725,1.24E+00,4.725,-3.04E+01
945,4.73,1.24E+00,4.73,-3.04E+01
946,4.735,1.23E+00,4.735,-3.04E+01
947,4.74,1.23E+00,4.74,-3.04E+01
948,4.745,1.22E+00,4.745,-3.04E+01
949,4.75,1.22E+00,4.75,-3.04E+01
950,4.755,1.22E+00,4.755,-3.04E+01
951,4.76,1.22E+00,4.76,-3.04E+01
952,4.765,1.22E+00,4.765,-3.04E+01
953,4.77,1.22E+00,4.77,-3.04E+01
954,4.775,1.22E+00,4.775,-3.04E+01
955,4.78,1.23E+00,4.78,-3.04E+01
956,4.785,1.23E+00,4.785,-3.04E+01
957,4.79,1.24E+00,4.79,-3.04E+01
958,4.795,1.24E+00,4.795,-3.04E+01
959,4.8,1.24E+00,4.8,-3.03E+01
960,4.805,1.24E+00,4.805,-3.04E+01
961,4.81,1.24E+00,4.81,-3.04E+01
962,4.815,1.24E+00,4.815,-3.04E+01
963,4.82,1.24E+00,4.82,-3.04E+01
964,4.825,1.24E+00,4.825,-3.04E+01
965,4.83,1.23E+00,4.83,-3.04E+01
966,4.835,1.23E+00,4.835,-3.04E+01
967,4.84,1.22E+00,4.84,-3.04E+01
968,4.845,1.21E+00,4.845,-3.04E+01
969,4.85,1.21E+00,4.85,-3.04E+01
970,4.855,1.21E+00,4.855,-3.04E+01
971,4.86,1.21E+00,4.86,-3.04E+01
972,4.865,1.21E+00,4.865,-3.04E+01
973,4.87,1.21E+00,4.87,-3.05E+01
974,4.875,1.21E+00,4.875,-3.05E+01
975,4.88,1.21E+00,4.88,-3.04E+01
976,4.885,1.22E+00,4.885,-3.04E+01
977,4.89,1.22E+00,4.89,-3.04E+01
978,4.895,1.23E+00,4.895,-3.04E+01
979,4.9,1.23E+00,4.9,-3.04E+01
980,4.905,1.23E+00,4.905,-3.05E+01
981,4.91,1.24E+00,4.91,-3.04E+01
982,4.915,1.23E+00,4.915,-3.05E+01
983,4.92,1.23E+00,4.92,-3.05E+01
984,4.925,1.23E+00,4.925,-3.05E+01
985,4.93,1.22E+00,4.93,-3.05E+01
986,4.935,1.22E+00,4.935,-3.05E+01
987,4.94,1.21E+00,4.94,-3.05E+01
988,4.945,1.21E+00,4.945,-3.05E+01
989,4.95,1.20E+00,4.95,-3.05E+01
990,4.955,1.20E+00,4.955,-3.05E+01
991,4.96,1.19E+00,4.96,-3.05E+01
992,4.965,1.19E+00,4.965,-3.05E+01
993,4.97,1.19E+00,4.97,-3.05E+01
994,4.975,1.19E+00,4.975,-3.05E+01
995,4.98,1.20E+00,4.98,-3.05E+01
996,4.985,1.20E+00,4.985,-3.05E+01
997,4.99,1.20E+00,4.99,-3.05E+01
998,4.995,1.21E+00,4.995,-3.05E+01
999,5,1.21E+00,5,-3.05E+01
1000,5.005,1.22E+00,5.005,-3.05E+01
1001,5.01,1.22E+00,5.01,-3.05E+01
1002,5.015,1.22E+00,5.015,-3.05E+01
1003,5.02,1.22E+00,5.02,-3.05E+01
1004,5.025,1.22E+00,5.025,-3.05E+01
1005,5.03,1.22E+00,5.03,-3.05E+01
1006,5.035,1.21E+00,5.035,-3.05E+01
1007,5.04,1.20E+00,5.04,-3.05E+01
1008,5.045,1.20E+00,5.045,-3.05E+01
1009,5.05,1.19E+00,5.05,-3.05E+01
1010,5.055,1.19E+00,5.055,-3.05E+01
1011,5.06,1.18E+00,5.06,-3.05E+01
1012,5.065,1.18E+00,5.065,-3.05E+01
1013,5.07,1.18E+00,5.07,-3.05E+01
1014,5.075,1.17E+00,5.075,-3.05E+01
1015,5.08,1.18E+00,5.08,-3.05E+01
1016,5.085,1.18E+00,5.085,-3.05E+01
1017,5.09,1.18E+00,5.09,-3.05E+01
1018,5.095,1.18E+00,5.095,-3.05E+01
1019,5.1,1.19E+00,5.1,-3.05E+01
1020,5.105,1.19E+00,5.105,-3.05E+01
1021,5.11,1.19E+00,5.11,-3.05E+01
1022,5.115,1.20E+00,5.115,-3.05E+01
1023,5.12,1.20E+00,5.12,-3.05E+01
1024,5.125,1.20E+00,5.125,-3.05E+01
1025,5.13,1.19E+00,5.13,-3.06E+01
1026,5.135,1.19E+00,5.135,-3.05E+01
1027,5.14,1.18E+00,5.14,-3.05E+01
1028,5.145,1.18E+00,5.145,-3.05E+01
1029,5.15,1.17E+00,5.15,-3.05E+01
1030,5.155,1.16E+00,5.155,-3.05E+01
1031,5.16,1.16E+00,5.16,-3.05E+01
1032,5.165,1.15E+00,5.165,-3.05E+01
1033,5.17,1.15E+00,5.17,-3.05E+01
1034,5.175,1.15E+00,5.175,-3.05E+01
1035,5.18,1.15E+00,5.18,-3.06E+01
1036,5.185,1.15E+00,5.185,-3.06E+01
1037,5.19,1.15E+00,5.19,-3.06E+01
1038,5.195,1.16E+00,5.195,-3.06E+01
1039,5.2,1.16E+00,5.2,-3.06E+01
1040,5.205,1.16E+00,5.205,-3.06E+01
1041,5.21,1.17E+00,5.21,-3.06E+01
1042,5.215,1.17E+00,5.215,-3.06E+01
1043,5.22,1.17E+00,5.22,-3.06E+01
1044,5.225,1.17E+00,5.225,-3.06E+01
1045,5.23,1.17E+00,5.23,-3.06E+01
1046,5.235,1.16E+00,5.235,-3.06E+01
1047,5.24,1.16E+00,5.24,-3.06E+01
1048,5.245,1.15E+00,5.245,-3.06E+01
1049,5.25,1.15E+00,5.25,-3.06E+01
1050,5.255,1.14E+00,5.255,-3.06E+01
1051,5.26,1.13E+00,5.26,-3.06E+01
1052,5.265,1.13E+00,5.265,-3.06E+01
1053,5.27,1.12E+00,5.27,-3.06E+01
1054,5.275,1.12E+00,5.275,-3.06E+01
1055,5.28,1.12E+00,5.28,-3.06E+01
1056,5.285,1.11E+00,5.285,-3.06E+01
1057,5.29,1.11E+00,5.29,-3.06E+01
1058,5.295,1.12E+00,5.295,-3.06E+01
1059,5.3,1.12E+00,5.3,-3.06E+01
1060,5.305,1.12E+00,5.305,-3.07E+01
1061,5.31,1.13E+00,5.31,-3.06E+01
1062,5.315,1.13E+00,5.315,-3.07E+01
1063,5.32,1.13E+00,5.32,-3.07E+01
1064,5.325,1.14E+00,5.325,-3.07E+01
1065,5.33,1.14E+00,5.33,-3.07E+01
1066,5.335,1.14E+00,5.335,-3.07E+01
1067,5.34,1.13E+00,5.34,-3.07E+01
1068,5.345,1.13E+00,5.345,-3.06E+01
1069,5.35,1.13E+00,5.35,-3.07E+01
1070,5.355,1.12E+00,5.355,-3.07E+01
1071,5.36,1.12E+00,5.36,-3.07E+01
1072,5.365,1.11E+00,5.365,-3.07E+01
1073,5.37,1.10E+00,5.37,-3.07E+01
1074,5.375,1.10E+00,5.375,-3.07E+01
1075,5.38,1.09E+00,5.38,-3.07E+01
1076,5.385,1.09E+00,5.385,-3.07E+01
1077,5.39,1.09E+00,5.39,-3.07E+01
1078,5.395,1.09E+00,5.395,-3.07E+01
1079,5.4,1.09E+00,5.4,-3.07E+01
1080,5.405,1.09E+00,5.405,-3.07E+01
1081,5.41,1.09E+00,5.41,-3.07E+01
1082,5.415,1.09E+00,5.415,-3.07E+01
1083,5.42,1.10E+00,5.42,-3.07E+01
1084,5.425,1.10E+00,5.425,-3.07E+01
1085,5.43,1.10E+00,5.43,-3.07E+01
1086,5.435,1.10E+00,5.435,-3.07E+01
1087,5.44,1.10E+00,5.44,-3.07E+01
1088,5.445,1.10E+00,5.445,-3.07E+01
1089,5.45,1.10E+00,5.45,-3.07E+01
1090,5.455,1.09E+00,5.455,-3.07E+01
1091,5.46,1.09E+00,5.46,-3.07E+01
1092,5.465,1.08E+00,5.465,-3.07E+01
1093,5.47,1.08E+00,5.47,-3.07E+01
1094,5.475,1.07E+00,5.475,-3.07E+01
1095,5.48,1.06E+00,5.48,-3.07E+01
1096,5.485,1.06E+00,5.485,-3.07E+01
1097,5.49,1.05E+00,5.49,-3.07E+01
1098,5.495,1.05E+00,5.495,-3.08E+01
1099,5.5,1.05E+00,5.5,-3.08E+01
1100,5.505,1.05E+00,5.505,-3.08E+01
1101,5.51,1.05E+00,5.51,-3.08E+01
1102,5.515,1.06E+00,5.515,-3.08E+01
1103,5.52,1.06E+00,5.52,-3.08E+01
1104,5.525,1.07E+00,5.525,-3.08E+01
1105,5.53,1.07E+00,5.53,-3.08E+01
1106,5.535,1.07E+00,5.535,-3.08E+01
1107,5.54,1.08E+00,5.54,-3.08E+01
1108,5.545,1.08E+00,5.545,-3.08E+01
1109,5.55,1.08E+00,5.55,-3.08E+01
1110,5.555,1.08E+00,5.555,-3.08E+01
1111,5.56,1.07E+00,5.56,-3.08E+01
1112,5.565,1.07E+00,5.565,-3.08E+01
1113,5.57,1.07E+00,5.57,-3.08E+01
1114,5.575,1.06E+00,5.575,-3.08E+01
1115,5.58,1.06E+00,5.58,-3.08E+01
1116,5.585,1.05E+00,5.585,-3.08E+01
1117,5.59,1.05E+00,5.59,-3.08E+01
1118,5.595,1.04E+00,5.595,-3.08E+01
1119,5.6,1.04E+00,5.6,-3.08E+01
1120,5.605,1.03E+00,5.605,-3.08E+01
1121,5.61,1.03E+00,5.61,-3.08E+01
1122,5.615,1.03E+00,5.615,-3.08E+01
1123,5.62,1.03E+00,5.62,-3.08E+01
1124,5.625,1.03E+00,5.625,-3.08E+01
1125,5.63,1.04E+00,5.63,-3.08E+01
1126,5.635,1.04E+00,5.635,-3.08E+01
1127,5.64,1.05E+00,5.64,-3.08E+01
1128,5.645,1.05E+00,5.645,-3.08E+01
1129,5.65,1.05E+00,5.65,-3.08E+01
1130,5.655,1.06E+00,5.655,-3.08E+01
1131,5.66,1.06E+00,5.66,-3.08E+01
1132,5.665,1.06E+00,5.665,-3.09E+01
1133,5.67,1.06E+00,5.67,-3.09E+01
1134,5.675,1.06E+00,5.675,-3.09E+01
1135,5.68,1.06E+00,5.68,-3.09E+01
1136,5.685,1.06E+00,5.685,-3.09E+01
1137,5.69,1.05E+00,5.69,-3.09E+01
1138,5.695,1.05E+00,5.695,-3.09E+01
1139,5.7,1.05E+00,5.7,-3.09E+01
1140,5.705,1.05E+00,5.705,-3.09E+01
1141,5.71,1.04E+00,5.71,-3.09E+01
1142,5.715,1.04E+00,5.715,-3.09E+01
1143,5.72,1.04E+00,5.72,-3.09E+01
1144,5.725,1.04E+00,5.725,-3.09E+01
1145,5.73,1.04E+00,5.73,-3.09E+01
1146,5.735,1.04E+00,5.735,-3.09E+01
1147,5.74,1.04E+00,5.74,-3.09E+01
1148,5.745,1.05E+00,5.745,-3.09E+01
1149,5.75,1.05E+00,5.75,-3.09E+01
1150,5.755,1.06E+00,5.755,-3.09E+01
1151,5.76,1.07E+00,5.76,-3.09E+01
1152,5.765,1.07E+00,5.765,-3.09E+01
1153,5.77,1.08E+00,5.77,-3.09E+01
1154,5.775,1.08E+00,5.775,-3.09E+01
1155,5.78,1.09E+00,5.78,-3.09E+01
1156,5.785,1.09E+00,5.785,-3.09E+01
1157,5.79,1.09E+00,5.79,-3.09E+01
1158,5.795,1.09E+00,5.795,-3.10E+01
1159,5.8,1.08E+00,5.8,-3.10E+01
1160,5.805,1.08E+00,5.805,-3.10E+01
1161,5.81,1.07E+00,5.81,-3.10E+01
1162,5.815,1.07E+00,5.815,-3.10E+01
1163,5.82,1.07E+00,5.82,-3.10E+01
1164,5.825,1.06E+00,5.825,-3.10E+01
1165,5.83,1.06E+00,5.83,-3.10E+01
1166,5.835,1.06E+00,5.835,-3.10E+01
1167,5.84,1.06E+00,5.84,-3.10E+01
1168,5.845,1.07E+00,5.845,-3.10E+01
1169,5.85,1.07E+00,5.85,-3.10E+01
1170,5.855,1.07E+00,5.855,-3.10E+01
1171,5.86,1.08E+00,5.86,-3.10E+01
1172,5.865,1.08E+00,5.865,-3.10E+01
1173,5.87,1.09E+00,5.87,-3.10E+01
1174,5.875,1.10E+00,5.875,-3.10E+01
1175,5.88,1.10E+00,5.88,-3.10E+01
1176,5.885,1.10E+00,5.885,-3.10E+01
1177,5.89,1.11E+00,5.89,-3.10E+01
1178,5.895,1.11E+00,5.895,-3.10E+01
1179,5.9,1.11E+00,5.9,-3.10E+01
1180,5.905,1.11E+00,5.905,-3.11E+01
1181,5.91,1.11E+00,5.91,-3.11E+01
1182,5.915,1.10E+00,5.915,-3.11E+01
1183,5.92,1.10E+00,5.92,-3.11E+01
1184,5.925,1.10E+00,5.925,-3.11E+01
1185,5.93,1.09E+00,5.93,-3.11E+01
1186,5.935,1.09E+00,5.935,-3.11E+01
1187,5.94,1.09E+00,5.94,-3.11E+01
1188,5.945,1.09E+00,5.945,-3.11E+01
1189,5.95,1.10E+00,5.95,-3.11E+01
1190,5.955,1.10E+00,5.955,-3.11E+01
1191,5.96,1.10E+00,5.96,-3.11E+01
1192,5.965,1.11E+00,5.965,-3.11E+01
1193,5.97,1.12E+00,5.97,-3.11E+01
1194,5.975,1.12E+00,5.975,-3.11E+01
1195,5.98,1.13E+00,5.98,-3.11E+01
1196,5.985,1.14E+00,5.985,-3.11E+01
1197,5.99,1.14E+00,5.99,-3.11E+01
1198,5.995,1.14E+00,5.995,-3.11E+01
1199,6,1.15E+00,6,-3.11E+01
1200,6.005,1.15E+00,6.005,-3.11E+01
1201,6.01,1.15E+00,6.01,-3.11E+01
1202,6.015,1.15E+00,6.015,-3.11E+01
1203,6.02,1.15E+00,6.02,-3.11E+01
1204,6.025,1.15E+00,6.025,-3.11E+01
1205,6.03,1.15E+00,6.03,-3.11E+01
1206,6.035,1.14E+00,6.035,-3.11E+01
1207,6.04,1.14E+00,6.04,-3.12E+01
1208,6.045,1.14E+00,6.045,-3.12E+01
1209,6.05,1.14E+00,6.05,-3.12E+01
1210,6.055,1.14E+00,6.055,-3.11E+01
1211,6.06,1.15E+00,6.06,-3.12E+01
1212,6.065,1.15E+00,6.065,-3.12E+01
1213,6.07,1.16E+00,6.07,-3.12E+01
1214,6.075,1.16E+00,6.075,-3.12E+01
1215,6.08,1.17E+00,6.08,-3.12E+01
1216,6.085,1.17E+00,6.085,-3.12E+01
1217,6.09,1.18E+00,6.09,-3.12E+01
1218,6.095,1.18E+00,6.095,-3.12E+01
1219,6.1,1.19E+00,6.1,-3.12E+01
1220,6.105,1.19E+00,6.105,-3.12E+01
1221,6.11,1.19E+00,6.11,-3.12E+01
1222,6.115,1.19E+00,6.115,-3.12E+01
1223,6.12,1.19E+00,6.12,-3.12E+01
1224,6.125,1.19E+00,6.125,-3.12E+01
1225,6.13,1.19E+00,6.13,-3.13E+01
1226,6.135,1.19E+00,6.135,-3.12E+01
1227,6.14,1.19E+00,6.14,-3.12E+01
1228,6.145,1.19E+00,6.145,-3.12E+01
1229,6.15,1.19E+00,6.15,-3.12E+01
1230,6.155,1.19E+00,6.155,-3.12E+01
1231,6.16,1.19E+00,6.16,-3.12E+01
1232,6.165,1.19E+00,6.165,-3.13E+01
1233,6.17,1.19E+00,6.17,-3.13E+01
1234,6.175,1.20E+00,6.175,-3.13E+01
1235,6.18,1.20E+00,6.18,-3.13E+01
1236,6.185,1.21E+00,6.185,-3.13E+01
1237,6.19,1.21E+00,6.19,-3.13E+01
1238,6.195,1.22E+00,6.195,-3.13E+01
1239,6.2,1.22E+00,6.2,-3.13E+01
1240,6.205,1.22E+00,6.205,-3.13E+01
1241,6.21,1.23E+00,6.21,-3.13E+01
1242,6.215,1.23E+00,6.215,-3.13E+01
1243,6.22,1.23E+00,6.22,-3.13E+01
1244,6.225,1.23E+00,6.225,-3.13E+01
1245,6.23,1.23E+00,6.23,-3.13E+01
1246,6.235,1.23E+00,6.235,-3.13E+01
1247,6.24,1.22E+00,6.24,-3.13E+01
1248,6.245,1.22E+00,6.245,-3.13E+01
1249,6.25,1.22E+00,6.25,-3.13E+01
1250,6.255,1.22E+00,6.255,-3.14E+01
1251,6.26,1.22E+00,6.26,-3.14E+01
1252,6.265,1.22E+00,6.265,-3.14E+01
1253,6.27,1.23E+00,6.27,-3.14E+01
1254,6.275,1.23E+00,6.275,-3.14E+01
1255,6.28,1.24E+00,6.28,-3.14E+01
1256,6.285,1.24E+00,6.285,-3.14E+01
1257,6.29,1.25E+00,6.29,-3.14E+01
1258,6.295,1.26E+00,6.295,-3.14E+01
1259,6.3,1.26E+00,6.3,-3.14E+01
1260,6.305,1.27E+00,6.305,-3.14E+01
1261,6.31,1.27E+00,6.31,-3.14E+01
1262,6.315,1.27E+00,6.315,-3.14E+01
1263,6.32,1.28E+00,6.32,-3.14E+01
1264,6.325,1.28E+00,6.325,-3.14E+01
1265,6.33,1.28E+00,6.33,-3.14E+01
1266,6.335,1.27E+00,6.335,-3.14E+01
1267,6.34,1.27E+00,6.34,-3.14E+01
1268,6.345,1.27E+00,6.345,-3.14E+01
1269,6.35,1.27E+00,6.35,-3.15E+01
1270,6.355,1.27E+00,6.355,-3.15E+01
1271,6.36,1.27E+00,6.36,-3.15E+01
1272,6.365,1.27E+00,6.365,-3.15E+01
1273,6.37,1.27E+00,6.37,-3.15E+01
1274,6.375,1.27E+00,6.375,-3.15E+01
1275,6.38,1.28E+00,6.38,-3.15E+01
1276,6.385,1.28E+00,6.385,-3.15E+01
1277,6.39,1.29E+00,6.39,-3.15E+01
1278,6.395,1.30E+00,6.395,-3.15E+01
1279,6.4,1.30E+00,6.4,-3.15E+01
1280,6.405,1.31E+00,6.405,-3.15E+01
1281,6.41,1.31E+00,6.41,-3.15E+01
1282,6.415,1.31E+00,6.415,-3.15E+01
1283,6.42,1.31E+00,6.42,-3.15E+01
1284,6.425,1.31E+00,6.425,-3.15E+01
1285,6.43,1.31E+00,6.43,-3.15E+01
1286,6.435,1.31E+00,6.435,-3.15E+01
1287,6.44,1.31E+00,6.44,-3.16E+01
1288,6.445,1.30E+00,6.445,-3.16E+01
1289,6.45,1.30E+00,6.45,-3.16E+01
1290,6.455,1.30E+00,6.455,-3.16E+01
1291,6.46,1.30E+00,6.46,-3.16E+01
1292,6.465,1.30E+00,6.465,-3.16E+01
1293,6.47,1.30E+00,6.47,-3.16E+01
1294,6.475,1.31E+00,6.475,-3.16E+01
1295,6.48,1.31E+00,6.48,-3.16E+01
1296,6.485,1.32E+00,6.485,-3.16E+01
1297,6.49,1.32E+00,6.49,-3.16E+01
1298,6.495,1.33E+00,6.495,-3.16E+01
1299,6.5,1.34E+00,6.5,-3.17E+01
1300,6.505,1.34E+00,6.505,-3.17E+01
1301,6.51,1.35E+00,6.51,-3.17E+01
1302,6.515,1.35E+00,6.515,-3.17E+01
1303,6.52,1.35E+00,6.52,-3.17E+01
1304,6.525,1.35E+00,6.525,-3.17E+01
1305,6.53,1.35E+00,6.53,-3.17E+01
1306,6.535,1.35E+00,6.535,-3.17E+01
1307,6.54,1.34E+00,6.54,-3.17E+01
1308,6.545,1.34E+00,6.545,-3.17E+01
1309,6.55,1.33E+00,6.55,-3.17E+01
1310,6.555,1.33E+00,6.555,-3.17E+01
1311,6.56,1.33E+00,6.56,-3.17E+01
1312,6.565,1.33E+00,6.565,-3.17E+01
1313,6.57,1.33E+00,6.57,-3.17E+01
1314,6.575,1.33E+00,6.575,-3.17E+01
1315,6.58,1.34E+00,6.58,-3.17E+01
1316,6.585,1.34E+00,6.585,-3.17E+01
1317,6.59,1.35E+00,6.59,-3.18E+01
1318,6.595,1.35E+00,6.595,-3.18E+01
1319,6.6,1.36E+00,6.6,-3.18E+01
1320,6.605,1.37E+00,6.605,-3.18E+01
1321,6.61,1.37E+00,6.61,-3.18E+01
1322,6.615,1.38E+00,6.615,-3.18E+01
1323,6.62,1.38E+00,6.62,-3.18E+01
1324,6.625,1.38E+00,6.625,-3.18E+01
1325,6.63,1.38E+00,6.63,-3.18E+01
1326,6.635,1.38E+00,6.635,-3.18E+01
1327,6.64,1.37E+00,6.64,-3.18E+01
1328,6.645,1.37E+00,6.645,-3.18E+01
1329,6.65,1.36E+00,6.65,-3.18E+01
1330,6.655,1.36E+00,6.655,-3.18E+01
1331,6.66,1.35E+00,6.66,-3.18E+01
1332,6.665,1.35E+00,6.665,-3.18E+01
1333,6.67,1.35E+00,6.67,-3.18E+01
1334,6.675,1.35E+00,6.675,-3.18E+01
1335,6.68,1.35E+00,6.68,-3.19E+01
1336,6.685,1.36E+00,6.685,-3.19E+01
1337,6.69,1.36E+00,6.69,-3.19E+01
1338,6.695,1.37E+00,6.695,-3.19E+01
1339,6.7,1.37E+00,6.7,-3.19E+01
1340,6.705,1.38E+00,6.705,-3.19E+01
1341,6.71,1.39E+00,6.71,-3.19E+01
1342,6.715,1.39E+00,6.715,-3.19E+01
1343,6.72,1.39E+00,6.72,-3.19E+01
1344,6.725,1.40E+00,6.725,-3.19E+01
1345,6.73,1.40E+00,6.73,-3.19E+01
1346,6.735,1.40E+00,6.735,-3.19E+01
1347,6.74,1.39E+00,6.74,-3.19E+01
1348,6.745,1.39E+00,6.745,-3.19E+01
1349,6.75,1.39E+00,6.75,-3.19E+01
1350,6.755,1.38E+00,6.755,-3.19E+01
1351,6.76,1.38E+00,6.76,-3.19E+01
1352,6.765,1.38E+00,6.765,-3.19E+01
1353,6.77,1.37E+00,6.77,-3.20E+01
1354,6.775,1.37E+00,6.775,-3.20E+01
1355,6.78,1.37E+00,6.78,-3.20E+01
1356,6.785,1.38E+00,6.785,-3.20E+01
1357,6.79,1.38E+00,6.79,-3.20E+01
1358,6.795,1.38E+00,6.795,-3.20E+01
1359,6.8,1.39E+00,6.8,-3.20E+01
1360,6.805,1.39E+00,6.805,-3.20E+01
1361,6.81,1.40E+00,6.81,-3.20E+01
1362,6.815,1.40E+00,6.815,-3.20E+01
1363,6.82,1.40E+00,6.82,-3.20E+01
1364,6.825,1.41E+00,6.825,-3.20E+01
1365,6.83,1.41E+00,6.83,-3.20E+01
1366,6.835,1.41E+00,6.835,-3.20E+01
1367,6.84,1.40E+00,6.84,-3.20E+01
1368,6.845,1.40E+00,6.845,-3.20E+01
1369,6.85,1.40E+00,6.85,-3.20E+01
1370,6.855,1.40E+00,6.855,-3.21E+01
1371,6.86,1.39E+00,6.86,-3.20E+01
1372,6.865,1.39E+00,6.865,-3.20E+01
1373,6.87,1.39E+00,6.87,-3.20E+01
1374,6.875,1.39E+00,6.875,-3.21E+01
1375,6.88,1.38E+00,6.88,-3.20E+01
1376,6.885,1.38E+00,6.885,-3.21E+01
1377,6.89,1.39E+00,6.89,-3.21E+01
1378,6.895,1.39E+00,6.895,-3.21E+01
1379,6.9,1.39E+00,6.9,-3.21E+01
1380,6.905,1.40E+00,6.905,-3.21E+01
1381,6.91,1.40E+00,6.91,-3.21E+01
1382,6.915,1.40E+00,6.915,-3.21E+01
1383,6.92,1.41E+00,6.92,-3.21E+01
1384,6.925,1.41E+00,6.925,-3.21E+01
1385,6.93,1.41E+00,6.93,-3.21E+01
1386,6.935,1.42E+00,6.935,-3.21E+01
1387,6.94,1.42E+00,6.94,-3.21E+01
1388,6.945,1.42E+00,6.945,-3.21E+01
1389,6.95,1.41E+00,6.95,-3.21E+01
1390,6.955,1.41E+00,6.955,-3.22E+01
1391,6.96,1.41E+00,6.96,-3.22E+01
1392,6.965,1.40E+00,6.965,-3.22E+01
1393,6.97,1.40E+00,6.97,-3.22E+01
1394,6.975,1.39E+00,6.975,-3.22E+01
1395,6.98,1.39E+00,6.98,-3.22E+01
1396,6.985,1.39E+00,6.985,-3.22E+01
1397,6.99,1.38E+00,6.99,-3.22E+01
1398,6.995,1.38E+00,6.995,-3.22E+01
1399,7,1.38E+00,7,-3.22E+01
1400,7.005,1.39E+00,7.005,-3.22E+01
1401,7.01,1.39E+00,7.01,-3.22E+01
1402,7.015,1.40E+00,7.015,-3.22E+01
1403,7.02,1.40E+00,7.02,-3.22E+01
1404,7.025,1.41E+00,7.025,-3.22E+01
1405,7.03,1.41E+00,7.03,-3.22E+01
1406,7.035,1.42E+00,7.035,-3.23E+01
1407,7.04,1.42E+00,7.04,-3.23E+01
1408,7.045,1.42E+00,7.045,-3.23E+01
1409,7.05,1.43E+00,7.05,-3.23E+01
1410,7.055,1.43E+00,7.055,-3.23E+01
1411,7.06,1.43E+00,7.06,-3.23E+01
1412,7.065,1.42E+00,7.065,-3.23E+01
1413,7.07,1.42E+00,7.07,-3.23E+01
1414,7.075,1.42E+00,7.075,-3.23E+01
1415,7.08,1.41E+00,7.08,-3.23E+01
1416,7.085,1.41E+00,7.085,-3.23E+01
1417,7.09,1.40E+00,7.09,-3.23E+01
1418,7.095,1.40E+00,7.095,-3.23E+01
1419,7.1,1.40E+00,7.1,-3.23E+01
1420,7.105,1.40E+00,7.105,-3.23E+01
1421,7.11,1.40E+00,7.11,-3.23E+01
1422,7.115,1.40E+00,7.115,-3.23E+01
1423,7.12,1.41E+00,7.12,-3.23E+01
1424,7.125,1.41E+00,7.125,-3.23E+01
1425,7.13,1.42E+00,7.13,-3.23E+01
1426,7.135,1.42E+00,7.135,-3.24E+01
1427,7.14,1.43E+00,7.14,-3.24E+01
1428,7.145,1.43E+00,7.145,-3.24E+01
1429,7.15,1.43E+00,7.15,-3.24E+01
1430,7.155,1.43E+00,7.155,-3.24E+01
1431,7.16,1.43E+00,7.16,-3.24E+01
1432,7.165,1.43E+00,7.165,-3.24E+01
1433,7.17,1.43E+00,7.17,-3.24E+01
1434,7.175,1.43E+00,7.175,-3.24E+01
1435,7.18,1.43E+00,7.18,-3.24E+01
1436,7.185,1.42E+00,7.185,-3.24E+01
1437,7.19,1.42E+00,7.19,-3.24E+01
1438,7.195,1.42E+00,7.195,-3.24E+01
1439,7.2,1.41E+00,7.2,-3.24E+01
1440,7.205,1.41E+00,7.205,-3.24E+01
1441,7.21,1.42E+00,7.21,-3.24E+01
1442,7.215,1.42E+00,7.215,-3.24E+01
1443,7.22,1.42E+00,7.22,-3.24E+01
1444,7.225,1.43E+00,7.225,-3.24E+01
1445,7.23,1.43E+00,7.23,-3.25E+01
1446,7.235,1.44E+00,7.235,-3.25E+01
1447,7.24,1.44E+00,7.24,-3.25E+01
1448,7.245,1.45E+00,7.245,-3.25E+01
1449,7.25,1.45E+00,7.25,-3.25E+01
1450,7.255,1.46E+00,7.255,-3.25E+01
1451,7.26,1.46E+00,7.26,-3.25E+01
1452,7.265,1.46E+00,7.265,-3.25E+01
1453,7.27,1.46E+00,7.27,-3.25E+01
1454,7.275,1.46E+00,7.275,-3.25E+01
1455,7.28,1.46E+00,7.28,-3.25E+01
1456,7.285,1.45E+00,7.285,-3.25E+01
1457,7.29,1.45E+00,7.29,-3.25E+01
1458,7.295,1.45E+00,7.295,-3.25E+01
1459,7.3,1.45E+00,7.3,-3.25E+01
1460,7.305,1.45E+00,7.305,-3.25E+01
1461,7.31,1.45E+00,7.31,-3.25E+01
1462,7.315,1.45E+00,7.315,-3.25E+01
1463,7.32,1.45E+00,7.32,-3.26E+01
1464,7.325,1.45E+00,7.325,-3.26E+01
1465,7.33,1.45E+00,7.33,-3.26E+01
1466,7.335,1.46E+00,7.335,-3.26E+01
1467,7.34,1.46E+00,7.34,-3.26E+01
1468,7.345,1.47E+00,7.345,-3.26E+01
1469,7.35,1.47E+00,7.35,-3.26E+01
1470,7.355,1.48E+00,7.355,-3.26E+01
1471,7.36,1.48E+00,7.36,-3.26E+01
1472,7.365,1.48E+00,7.365,-3.26E+01
1473,7.37,1.48E+00,7.37,-3.26E+01
1474,7.375,1.48E+00,7.375,-3.26E+01
1475,7.38,1.48E+00,7.38,-3.26E+01
1476,7.385,1.48E+00,7.385,-3.26E+01
1477,7.39,1.49E+00,7.39,-3.26E+01
1478,7.395,1.49E+00,7.395,-3.26E+01
1479,7.4,1.49E+00,7.4,-3.26E+01
1480,7.405,1.49E+00,7.405,-3.27E+01
1481,7.41,1.49E+00,7.41,-3.27E+01
1482,7.415,1.49E+00,7.415,-3.27E+01
1483,7.42,1.49E+00,7.42,-3.27E+01
1484,7.425,1.50E+00,7.425,-3.27E+01
1485,7.43,1.50E+00,7.43,-3.27E+01
1486,7.435,1.50E+00,7.435,-3.27E+01
1487,7.44,1.51E+00,7.44,-3.27E+01
1488,7.445,1.51E+00,7.445,-3.27E+01
1489,7.45,1.51E+00,7.45,-3.27E+01
1490,7.455,1.52E+00,7.455,-3.27E+01
1491,7.46,1.52E+00,7.46,-3.27E+01
1492,7.465,1.52E+00,7.465,-3.27E+01
1493,7.47,1.52E+00,7.47,-3.27E+01
1494,7.475,1.52E+00,7.475,-3.27E+01
1495,7.48,1.52E+00,7.48,-3.27E+01
1496,7.485,1.52E+00,7.485,-3.27E+01
1497,7.49,1.52E+00,7.49,-3.27E+01
1498,7.495,1.52E+00,7.495,-3.27E+01
1499,7.5,1.53E+00,7.5,-3.28E+01
1500,7.505,1.53E+00,7.505,-3.28E+01
1501,7.51,1.53E+00,7.51,-3.28E+01
1502,7.515,1.53E+00,7.515,-3.28E+01
1503,7.52,1.53E+00,7.52,-3.28E+01
1504,7.525,1.54E+00,7.525,-3.28E+01
1505,7.53,1.54E+00,7.53,-3.28E+01
1506,7.535,1.54E+00,7.535,-3.28E+01
1507,7.54,1.54E+00,7.54,-3.28E+01
1508,7.545,1.55E+00,7.545,-3.28E+01
1509,7.55,1.55E+00,7.55,-3.28E+01
1510,7.555,1.55E+00,7.555,-3.28E+01
1511,7.56,1.56E+00,7.56,-3.28E+01
1512,7.565,1.56E+00,7.565,-3.28E+01
1513,7.57,1.56E+00,7.57,-3.28E+01
1514,7.575,1.57E+00,7.575,-3.28E+01
1515,7.58,1.57E+00,7.58,-3.29E+01
1516,7.585,1.57E+00,7.585,-3.29E+01
1517,7.59,1.57E+00,7.59,-3.29E+01
1518,7.595,1.58E+00,7.595,-3.29E+01
1519,7.6,1.58E+00,7.6,-3.29E+01
1520,7.605,1.59E+00,7.605,-3.29E+01
1521,7.61,1.59E+00,7.61,-3.29E+01
1522,7.615,1.59E+00,7.615,-3.29E+01
1523,7.62,1.60E+00,7.62,-3.29E+01
1524,7.625,1.60E+00,7.625,-3.29E+01
1525,7.63,1.60E+00,7.63,-3.29E+01
1526,7.635,1.61E+00,7.635,-3.29E+01
1527,7.64,1.61E+00,7.64,-3.29E+01
1528,7.645,1.61E+00,7.645,-3.29E+01
1529,7.65,1.61E+00,7.65,-3.29E+01
1530,7.655,1.61E+00,7.655,-3.29E+01
1531,7.66,1.61E+00,7.66,-3.29E+01
1532,7.665,1.61E+00,7.665,-3.30E+01
1533,7.67,1.62E+00,7.67,-3.29E+01
1534,7.675,1.62E+00,7.675,-3.30E+01
1535,7.68,1.62E+00,7.68,-3.30E+01
1536,7.685,1.62E+00,7.685,-3.30E+01
1537,7.69,1.62E+00,7.69,-3.30E+01
1538,7.695,1.63E+00,7.695,-3.30E+01
1539,7.7,1.63E+00,7.7,-3.30E+01
1540,7.705,1.63E+00,7.705,-3.30E+01
1541,7.71,1.64E+00,7.71,-3.30E+01
1542,7.715,1.64E+00,7.715,-3.30E+01
1543,7.72,1.65E+00,7.72,-3.30E+01
1544,7.725,1.65E+00,7.725,-3.30E+01
1545,7.73,1.66E+00,7.73,-3.30E+01
1546,7.735,1.66E+00,7.735,-3.31E+01
1547,7.74,1.66E+00,7.74,-3.31E+01
1548,7.745,1.66E+00,7.745,-3.31E+01
1549,7.75,1.67E+00,7.75,-3.31E+01
1550,7.755,1.67E+00,7.755,-3.31E+01
1551,7.76,1.67E+00,7.76,-3.31E+01
1552,7.765,1.67E+00,7.765,-3.31E+01
1553,7.77,1.67E+00,7.77,-3.31E+01
1554,7.775,1.67E+00,7.775,-3.31E+01
1555,7.78,1.67E+00,7.78,-3.31E+01
1556,7.785,1.67E+00,7.785,-3.31E+01
1557,7.79,1.67E+00,7.79,-3.31E+01
1558,7.795,1.68E+00,7.795,-3.31E+01
1559,7.8,1.68E+00,7.8,-3.31E+01
1560,7.805,1.68E+00,7.805,-3.31E+01
1561,7.81,1.68E+00,7.81,-3.31E+01
1562,7.815,1.69E+00,7.815,-3.31E+01
1563,7.82,1.69E+00,7.82,-3.31E+01
1564,7.825,1.70E+00,7.825,-3.32E+01
1565,7.83,1.70E+00,7.83,-3.32E+01
1566,7.835,1.71E+00,7.835,-3.32E+01
1567,7.84,1.71E+00,7.84,-3.32E+01
1568,7.845,1.72E+00,7.845,-3.32E+01
1569,7.85,1.72E+00,7.85,-3.32E+01
1570,7.855,1.72E+00,7.855,-3.32E+01
1571,7.86,1.73E+00,7.86,-3.32E+01
1572,7.865,1.73E+00,7.865,-3.32E+01
1573,7.87,1.73E+00,7.87,-3.32E+01
1574,7.875,1.73E+00,7.875,-3.32E+01
1575,7.88,1.73E+00,7.88,-3.32E+01
1576,7.885,1.73E+00,7.885,-3.32E+01
1577,7.89,1.73E+00,7.89,-3.33E+01
1578,7.895,1.72E+00,7.895,-3.33E+01
1579,7.9,1.72E+00,7.9,-3.33E+01
1580,7.905,1.72E+00,7.905,-3.33E+01
1581,7.91,1.72E+00,7.91,-3.33E+01
1582,7.915,1.72E+00,7.915,-3.33E+01
1583,7.92,1.72E+00,7.92,-3.33E+01
1584,7.925,1.72E+00,7.925,-3.33E+01
1585,7.93,1.72E+00,7.93,-3.33E+01
1586,7.935,1.73E+00,7.935,-3.33E+01
1587,7.94,1.73E+00,7.94,-3.33E+01
1588,7.945,1.74E+00,7.945,-3.33E+01
1589,7.95,1.74E+00,7.95,-3.33E+01
1590,7.955,1.75E+00,7.955,-3.33E+01
1591,7.96,1.76E+00,7.96,-3.34E+01
1592,7.965,1.77E+00,7.965,-3.33E+01
1593,7.97,1.77E+00,7.97,-3.34E+01
1594,7.975,1.78E+00,7.975,-3.34E+01
1595,7.98,1.78E+00,7.98,-3.34E+01
1596,7.985,1.78E+00,7.985,-3.34E+01
1597,7.99,1.78E+00,7.99,-3.34E+01
